"ID","LON","LAT","YEAR"
"PI563334","-1.62999999523163","14.1000003814697",NA
"PI563338","-3.0599999427795401","13.060000419616699",NA
"PI563343","-2.4200000762939502","13.579999923706101",NA
"PI563348","-3.46000003814697","12.460000038146999",NA
"PI563350","-1.0599999427795399","11.6599998474121",NA
"PI563359","-3.1800000667571999","10.329999923706101",NA
"PI563364","0.40000000596046398","13.329999923706101",NA
"PI563366","-3.0599999427795401","11.1400003433228",NA
"PI563377","32.310001373291001","15.3400001525879",NA
"PI563378","32.310001373291001","15.3400001525879",NA
"PI329252","38.740001678466797","9.0200004577636701",NA
"PI329256","38.919998168945298","15.319999694824199",NA
"PI329285","41.860000610351598","9.5799999237060494",NA
"PI329286","41.860000610351598","9.5799999237060494",NA
"PI329299","39.380001068115199","14.3999996185303",NA
"PI329300","39.380001068115199","14.3999996185303",NA
"PI329301","39.380001068115199","14.3999996185303",NA
"PI329310","42.130001068115199","9.3000001907348597",NA
"PI329311","42.860000610351598","7.1300001144409197",NA
"PI329312","42.860000610351598","7.1300001144409197",NA
"PI329316","37.849998474121101","8.9799995422363299",NA
"PI329318","39.560001373291001","11.25",NA
"PI329319","38.330001831054702","9.1800003051757795",NA
"PI329320","38.330001831054702","9.1800003051757795",NA
"PI329325","37.040000915527301","9.1300001144409197",NA
"PI329326","37.040000915527301","9.1300001144409197",NA
"PI329333","37.049999237060497","9.1300001144409197",NA
"PI329338","39.889999389648402","10",NA
"PI329351","39.9799995422363","10.300000190734901",NA
"PI329394","40.009998321533203","11.180000305175801",NA
"PI329403","39.630001068115199","11.1300001144409",NA
"PI329442","38.919998168945298","15.319999694824199",NA
"PI329465","38.840000152587898","9.3999996185302699",NA
"PI329466","38.840000152587898","9.3999996185302699",NA
"PI329470","39.116666700000003","8.6",NA
"PI329471","39.116666700000003","8.6",NA
"PI329473","38.669998168945298","7.3499999046325701",NA
"PI329475","36.080001831054702","7.8499999046325701",NA
"PI329476","38.409999847412102","6.75",NA
"PI329477","38.409999847412102","6.75",NA
"PI329478","36.080001831054702","7.8499999046325701",NA
"PI329480","38.599998474121101","7.1999998092651403",NA
"PI329501","39.130001068115199","7.9499998092651403",NA
"PI329504","39.130001068115199","7.9499998092651403",NA
"PI329506","39.130001068115199","7.9499998092651403",NA
"PI329510","39.2700004577637","8.5399999618530291",NA
"PI329511","39.2700004577637","8.5399999618530291",NA
"PI329517","38.9799995422363","8.7399997711181605",NA
"PI329518","38.369998931884801","8.1099996566772496",NA
"PI329519","38.369998931884801","8.1099996566772496",NA
"PI329540","37.9799995422363","8.5299997329711896",NA
"PI329541","37.9799995422363","8.5299997329711896",NA
"PI329545","37.7700004577637","8.2700004577636701",NA
"PI329546","37.7700004577637","8.2700004577636701",NA
"PI329550","36.840000152587898","7.6700000762939498",NA
"PI329551","36.840000152587898","7.6700000762939498",NA
"PI329554","36.840000152587898","7.6700000762939498",NA
"PI329556","37.340000152587898","7.3400001525878897",NA
"PI329569","38.709999084472699","8.9499998092651403",NA
"PI329570","36.650001525878899","7.8499999046325701",NA
"PI329572","36.650001525878899","7.8499999046325701",NA
"PI329583","37.430000305175803","7.96000003814697",NA
"PI329584","37.430000305175803","7.96000003814697",NA
"PI329585","37.430000305175803","7.96000003814697",NA
"PI329605","37.849998474121101","8.9700002670288104",NA
"PI329606","37.849998474121101","8.9700002670288104",NA
"PI329614","38.310001373291001","9.9099998474121094",NA
"PI329615","38.310001373291001","9.9099998474121094",NA
"PI329617","37.310001373291001","9",NA
"PI329618","37.310001373291001","9",NA
"PI329632","36.549999237060497","9.0799999237060494",NA
"PI329644","36.580001831054702","8.9300003051757795",NA
"PI329645","37.099998474121101","9.5600004196166992",NA
"PI329646","37.099998474121101","9.5600004196166992",NA
"PI329665","38.400001525878899","9.0299997329711896",NA
"PI329673","38.400001525878899","9.0299997329711896",NA
"PI329699","35.759998321533203","6.96000003814697",NA
"PI329700","34.580001831054702","8.2399997711181605",NA
"PI329702","39.529998779296903","9.6700000762939506",NA
"PI329704","39.529998779296903","9.6700000762939506",NA
"PI329710","39.759998321533203","9.8400001525878906",NA
"PI329711","39.759998321533203","9.8400001525878906",NA
"PI329813","38.709999084472699","14.1300001144409",NA
"PI329814","38.709999084472699","14.1300001144409",NA
"PI329841","37.290000915527301","12.2299995422363",NA
"PI329843","37.360000610351598","11.550000190734901",NA
"PI329848","38.130001068115199","10.1599998474121",NA
"PI329849","38.130001068115199","10.1599998474121",NA
"PI329864","38.75","9.3000001907348597",NA
"PI329865","38.75","9.3000001907348597",NA
"PI329920","41.090000152587898","9.2100000381469709",NA
"PI330167","39.680000305175803","11.829999923706101",NA
"PI330168","39.680000305175803","11.829999923706101",NA
"PI330169","39.680000305175803","11.829999923706101",NA
"PI330170","39.680000305175803","11.829999923706101",NA
"PI330181","39.630001068115199","12.1599998474121",NA
"PI330182","39.630001068115199","12.1599998474121",NA
"PI330184","39.549999237060497","12.4099998474121",NA
"PI330185","39.549999237060497","12.4099998474121",NA
"PI330192","39.470001220703097","13.4899997711182",NA
"PI330195","39.560001373291001","14.050000190734901",NA
"PI330196","39.580001831054702","13.680000305175801",NA
"PI330199","39.459999084472699","14.2799997329712",NA
"PI330271","39.889999389648402","10",NA
"PI330796","37.599998474121101","7.0500001907348597",NA
"PI330798","37.930000305175803","8.5299997329711896",NA
"PI330803","34.799999237060497","8.5299997329711896",NA
"PI330804","34.799999237060497","8.5299997329711896",NA
"PI330807","34.790000915527301","8.5200004577636701",NA
"PI330828","35.830001831054702","9.1599998474121094",NA
"PI330833","36.400001525878899","9.1499996185302699",NA
"PI330834","36.400001525878899","9.1499996185302699",NA
"PI330835","35.830001831054702","9.1599998474121094",NA
"PI330838","37.549999237060497","9.5600004196166992",NA
"PI330847","37.549999237060497","9.5600004196166992",NA
"PI330851","37.110000610351598","9.3599996566772496",NA
"PI330857","37.110000610351598","9.3599996566772496",NA
"PI330858","41.590000152587898","8.3299999237060494",NA
"PI330867","41.590000152587898","8.3299999237060494",NA
"PI337674","41.459999084472699","9.3800001144409197",NA
"PI337676","39.830001831054702","5.21000003814697",NA
"PI337678","40.860000610351598","9.0799999237060494",NA
"PI337680","38.580001831054702","9.8999996185302699",NA
"PI337684","35.639999389648402","8.8500003814697301",NA
"PI337685","38.580001831054702","9.8999996185302699",NA
"PI337688","39.830001831054702","5.21000003814697",NA
"PI337689","40.900001525878899","9.0399999618530291",NA
"PI563482","-16.379999160766602","14.569999694824199",NA
"PI563483","-16.549999237060501","14.210000038146999",NA
"PI563484","-15.0299997329712","14.560000419616699",NA
"PI563485","-16.209999084472699","15.289999961853001",NA
"PI563486","-16.209999084472699","15.289999961853001",NA
"PI563487","-6.9099998474121103","12.1099996566772",NA
"PI563515","-7.2800002098083496","13.4899997711182",NA
"PI563516","-7.2800002098083496","13.4899997711182",NA
"PI563489","4.5500001907348597","8.5",NA
"PI563490","4.5500001907348597","8.5",NA
"PI563491","4.5500001907348597","8.5",NA
"PI563492","6.1100001335143999","10.0299997329712",NA
"PI563497","30.0100002288818","11.25",NA
"PI563513","23.469999313354499","12.8999996185303",NA
"PI151198","39.799999237060497","11.3699998855591",NA
"PI155541","32.5","-12.2799997329712",NA
"PI285039","7.6999998092651403","11.060000419616699",NA
"PI285042","7.6999998092651403","11.060000419616699",NA
"PI571370","35.220001220703097","14.039999961853001",NA
"PI570917","35.130001068115199","13.539999961853001",NA
"PI570918","35.130001068115199","13.539999961853001",NA
"PI571376","32.060001373291001","8.4099998474121094",NA
"PI569012","35.430000305175803","13.829999923706101",NA
"PI514456","-12.2799997329712","13.3800001144409",NA
"PI514610","-12.319999694824199","12.5299997329712",NA
"PI514617","-16.059999465942401","13.079999923706101",NA
"PI521833","33.630001068115199","-11.710000038146999",NA
"PI510907","26.120000839233398","-24.399999618530298",NA
"PI510910","25.840000152587901","-24.7299995422363",NA
"PI510911","25.840000152587901","-24.7299995422363",NA
"PI510925","26.149999618530298","-24.379999160766602",NA
"PI510926","26.149999618530298","-24.379999160766602",NA
"PI510931","23.149999618530298","-24.370000839233398",NA
"PI510932","23.149999618530298","-24.370000839233398",NA
"PI510958","27.579999923706101","-22.930000305175799",NA
"PI510959","27.579999923706101","-22.930000305175799",NA
"PI510966","26.819999694824201","-22.469999313354499",NA
"PI510967","26.819999694824201","-22.469999313354499",NA
"PI510968","26.409999847412099","-22.430000305175799",NA
"PI510969","26.409999847412099","-22.430000305175799",NA
"PI510979","26.909999847412099","-23.069999694824201",NA
"PI510990","23.110000610351602","-20.2700004577637",NA
"PI510991","23.110000610351602","-20.2700004577637",NA
"PI511008","23.5100002288818","-24.629999160766602",NA
"PI511009","23.5100002288818","-24.629999160766602",NA
"PI569803","33.529998779296903","14.3999996185303",NA
"PI569804","33.529998779296903","14.3999996185303",NA
"PI569805","35.369998931884801","14.039999961853001",NA
"PI569819","36.380001068115199","15.460000038146999",NA
"PI569833","35.759998321533203","13.5100002288818",NA
"PI569834","35.740001678466797","13.6000003814697",NA
"PI569847","36.389999389648402","15.460000038146999",NA
"PI569860","34.349998474121101","11.7700004577637",NA
"PI569869","34.111000061035199","11.2799997329712",NA
"PI569870","34.111000061035199","11.2799997329712",NA
"PI569873","34.3489990234375","11.769000053405801",NA
"PI569875","33.4799995422363","10.710000038146999",NA
"PI569876","33.4799995422363","10.710000038146999",NA
"PI569886","34.279998779296903","10.550000190734901",NA
"PI570501","32.330001831054702","4.2399997711181596",NA
"PI608862","-7.5900001525878897","12.3900003433228",NA
"PI608863","-7.5900001525878897","12.3900003433228",NA
"PI608864","-7.5900001525878897","12.3900003433228",NA
"PI608865","-7.5900001525878897","12.3900003433228",NA
"PI570512","33.299999237060497","14.2399997711182",NA
"PI570119","26.0200004577637","11.3699998855591",NA
"PI570120","29.5200004577637","12.579999923706101",NA
"PI570122","34.139999389648402","10.2799997329712",NA
"PI570123","34.139999389648402","10.2799997329712",NA
"PI570124","34.139999389648402","10.2799997329712",NA
"PI570125","31.100000381469702","14.25",NA
"PI570126","31.100000381469702","14.25",NA
"PI570127","31.379999160766602","9.1800003051757795",NA
"PI570130","27.440000534057599","12.1199998855591",NA
"PI570136","29.139999389648398","12.199999809265099",NA
"PI570137","29.139999389648398","12.199999809265099",NA
"PI570139","29.139999389648398","12.199999809265099",NA
"PI570145","29.389999389648398","12.0200004577637",NA
"PI570146","29.389999389648398","12.0200004577637",NA
"PI570149","31.629999160766602","3.8699998855590798",NA
"PI570154","29.079999923706101","11.2399997711182",NA
"PI570155","29.079999923706101","11.2399997711182",NA
"PI570157","27.389999389648398","8.5500001907348597",NA
"PI570158","29.379999160766602","11.1099996566772",NA
"PI570159","29.379999160766602","11.1099996566772",NA
"PI570160","23.549999237060501","12.079999923706101",NA
"PI570162","31.4899997711182","12.430000305175801",NA
"PI570163","31.4899997711182","12.430000305175801",NA
"PI570164","32.569999694824197","14.310000419616699",NA
"PI570166","29.340000152587901","11.039999961853001",NA
"PI570168","31.4899997711182","12.430000305175801",NA
"PI570171","30.299999237060501","11.050000190734901",NA
"PI570174","33.240001678466797","14.2100000381417",NA
"PI570176","33.319999694824197","14.5",NA
"PI570189","30.059999465942401","8.1800003051757795",NA
"PI570190","30.059999465942401","8.1800003051757795",NA
"PI570191","30.059999465942401","8.1800003051757795",NA
"PI570218","22.569999694824201","14.300000190734901",NA
"PI570219","22.569999694824201","14.300000190734901",NA
"PI570220","22.569999694824201","14.300000190734901",NA
"PI570228","31.030000686645501","11.5",NA
"PI570229","31.030000686645501","11.5",NA
"PI570233","30.399999618530298","11.5",NA
"PI570234","30.399999618530298","11.5",NA
"PI570237","30.469999313354499","12.079999923706101",NA
"PI570244","30.360000610351602","13.069999694824199",NA
"PI570248","26.280000686645501","14.1199998855591",NA
"PI570249","26.280000686645501","14.1199998855591",NA
"PI570252","33.419998168945298","14.319999694824199",NA
"PI570254","26.290000915527301","8.2799997329711896",NA
"PI570255","24.370000839233398","11.1000003814697",NA
"PI570256","24.370000839233398","11.1000003814697",NA
"PI570539","34.069999694824197","9.4099998474121094",NA
"PI570260","26.379999160766602","18.090000152587901",NA
"PI570261","26.379999160766602","18.090000152587901",NA
"PI570262","26.379999160766602","18.090000152587901",NA
"PI570271","32.5","12.539999961853001",NA
"PI570278","24.170000076293899","12.300000190734901",NA
"PI570279","24.170000076293899","12.300000190734901",NA
"PI570284","30.2600002288818","19.149999618530298",NA
"PI570288","25.090000152587901","10.4799995422363",NA
"PI570289","25.090000152587901","10.4799995422363",NA
"PI570292","24.200000762939499","11.2799997329712",NA
"PI570294","32.459999084472699","15.289999961853001",NA
"PI570295","32.459999084472699","15.289999961853001",NA
"PI570296","22.219999313354499","13.1499996185303",NA
"PI570570","32.069999694824197","9.5399999618530291",NA
"PI659693","32.069999694824197","9.5399999618530291",NA
"PI585379","37.7299995422363","10.3500003814697",NA
"PI646200","7.3299999237060502","11.310000419616699",NA
"PI646201","7.3299999237060502","11.310000419616699",NA
"PI646202","8.4899997711181605","9.8000001907348597",NA
"PI646203","8.4899997711181605","9.8000001907348597",NA
"PI646205","8.8800001144409197","11.75",NA
"PI646206","8.8800001144409197","11.75",NA
"PI646207","8.8800001144409197","11.75",NA
"PI646208","8.8800001144409197","11.75",NA
"PI585394","8.8800001144409197","11.75",NA
"PI646209","9.2600002288818395","11.3900003433228",NA
"PI646210","10.550000190734901","11.2840003967285",NA
"PI646211","8.9499998092651403","10.689999580383301",NA
"PI585405","13.189999580383301","10.2799997329712",NA
"PI585406","13.189999580383301","10.2799997329712",NA
"PI585411","12.2299995422363","10.6099996566772",NA
"PI585412","12.2299995422363","10.6099996566772",NA
"PI585413","12.800000190734901","10.3800001144409",NA
"PI585414","12.800000190734901","10.3800001144409",NA
"PI585415","10.8400001525879","10.3500003814697",NA
"PI585416","10.3400001525879","10.2600002288818",NA
"PI585417","10.3400001525879","10.2600002288818",NA
"PI585418","10.3400001525879","10.2600002288818",NA
"PI646212","10.329999923706101","10.819999694824199",NA
"PI585423","10.329999923706101","10.819999694824199",NA
"PI646213","9.0600004196166992","10.050000190734901",NA
"PI646214","8.8900003433227504","9.9200000762939506",NA
"PI646215","8.8900003433227504","9.9200000762939506",NA
"PI646216","8.8900003433227504","9.9200000762939506",NA
"PI646217","5.3800001144409197","10.329999923706101",NA
"PI585448","-0.83999997377395597","9.3999996185302699",NA
"PI585449","-0.83999997377395597","9.3999996185302699",NA
"PI585452","-0.81000000238418601","10.7799997329712",NA
"PI585453","-0.479999989271164","10.930000305175801",NA
"PI585454","-0.43999999761581399","10.5200004577637",NA
"PI585455","-0.18000000715255701","10.6300001144409",NA
"PI585456","-0.18000000715255701","10.6300001144409",NA
"PI585457","-0.20999999344348899","10.699999809265099",NA
"PI585461","-0.18000000715255701","11.060000419616699",NA
"PI585467","-0.20999999344348899","9.9099998474121094",NA
"PI585468","-0.20999999344348899","9.9099998474121094",NA
"PI585469","-0.20999999344348899","9.9099998474121094",NA
"PI585470","-0.20999999344348899","9.9099998474121094",NA
"PI585471","-1.1000000238418599","10.960000038146999",NA
"PI585472","-1.1000000238418599","10.960000038146999",NA
"PI585572","29.790000915527301","-4.1300001144409197",NA
"PI585573","29.790000915527301","-4.1300001144409197",NA
"PI585574","29.790000915527301","-4.1300001144409197",NA
"PI585576","30.219999313354499","-3.7699999809265101",NA
"PI585577","29.389999389648398","-3.0999999046325701",NA
"PI585578","29.370000839233398","-3.1300001144409202",NA
"PI585579","29.420000076293899","-3.25",NA
"PI585580","29.399999618530298","-3.25",NA
"PI585581","29.399999618530298","-3.3399999141693102",NA
"PI585582","29.399999618530298","-3.3399999141693102",NA
"PI585583","29.340000152587901","-3.4900000095367401",NA
"PI585590","30.059999465942401","-1.95000004768372",NA
"PI585595","29.629999160766602","-1.5",NA
"PI585596","30.059999465942401","-1.58000004291534",NA
"PI585600","30.149999618530298","-1.7599999904632599",NA
"PI585602","30.149999618530298","-1.7599999904632599",NA
"PI585607","30.059999465942401","-1.9299999475479099",NA
"PI585608","30.059999465942401","-1.9299999475479099",NA
"PI585609","30.540000915527301","-2.1600000858306898",NA
"PI609918","-11.3599996566772","13.430000305175801",NA
"PI609919","-11.3599996566772","13.430000305175801",NA
"PI610034","-8.2700004577636701","12.5100002288818",NA
"PI609094","-6.21000003814697","13.300000190734901",NA
"PI609200","-6.4099998474121103","13.710000038146999",NA
"PI585971","1.0199999809265099","7.5599999427795401",NA
"PI585981","1.9099999666214","7.3000001907348597",NA
"PI585984","2.1800000667571999","7.6599998474121103",NA
"PI585985","2.1800000667571999","7.6599998474121103",NA
"PI585987","2.2300000190734899","8.0100002288818395",NA
"PI585989","2.5833335000000002","8.4333338999999992",NA
"PI585991","2.4300000667571999","8.4799995422363299",NA
"PI585992","2.5999999046325701","8.8800001144409197",NA
"PI586000","3.1600000858306898","10.210000038146999",NA
"PI586008","2.6300001144409202","10.050000190734901",NA
"PI586028","25.75","-13.75",NA
"PI586032","25.25","-13",NA
"PI586033","24.75","-13.170000076293899",NA
"PI586034","25.5","-12.25",NA
"PI586035","28.75","-10.170000076293899",NA
"PI586036","30.079999923706101","-9.5",NA
"PI586037","26.399999618530298","-12.180000305175801",NA
"PI586038","26.399999618530298","-12.180000305175801",NA
"PI586039","26.399999618530298","-12.180000305175801",NA
"PI586040","25.75","-13.829999923706101",NA
"PI586041","25.5","-13.75",NA
"PI586042","25.5","-13.75",NA
"PI586052","34.400001525878899","-15.7299995422363",NA
"PI586054","34.990001678466797","-15.789999961853001",NA
"PI570393","32.470001220703097","4.0199999809265101",NA
"PI646223","5.3800001144409197","10.329999923706101",NA
"PI586107","-0.72000002861022006","14.050000190734901",NA
"PI586108","-0.72000002861022006","14.050000190734901",NA
"PI586109","-0.72000002861022006","14.050000190734901",NA
"PI586110","-0.50999999046324995","14.0299997329712",NA
"PI586111","-0.730000019073486","14.310000419616699",NA
"PI586112","-0.40999999642372098","14.3500003814697",NA
"PI586113","-0.40999999642372098","14.3500003814697",NA
"PI586114","-0.230000004172325","14.180000305175801",NA
"PI586115","-0.230000004172325","14.180000305175801",NA
"PI586117","2.9999999329439999E-2","14.0299997329712",NA
"PI586118","0.52999997138976995","13.430000305175801",NA
"PI586119","0.64999997615814198","13.430000305175801",NA
"PI586120","0.64999997615814198","13.430000305175801",NA
"PI586123","2.9999999329439999E-2","14.0299997329712",NA
"PI586124","2.9999999329439999E-2","14.0299997329712",NA
"PI586128","-2.2300000190734899","12.829999923706101",NA
"PI586137","-0.75999999046325695","14.430000305175801",NA
"PI586141","-2.0699999332428001","13.7600002288818",NA
"PI586142","-2.0699999332428001","13.7600002288818",NA
"PI586147","-2.4200000762939502","13.579999923706101",NA
"PI586148","-2.0699999332428001","13.7600002288818",NA
"PI586150","-1.70000004768372","14.0100002288818",NA
"PI586151","-1.62999999523163","13.9099998474121",NA
"PI586153","-1.70000004768372","13.5900001525879",NA
"PI586154","-1.79999995231628","13.6099996566772",NA
"PI586155","-2.4200000762939502","13.579999923706101",NA
"PI586156","-1.9099999666214","13.5",NA
"PI586157","-1.96000003814697","13.449999809265099",NA
"PI586158","-1.96000003814697","13.449999809265099",NA
"PI586159","-1.71000003814697","13.2799997329712",NA
"PI586160","-1.71000003814697","13.2799997329712",NA
"PI586161","-1.5299999713897701","13.310000419616699",NA
"PI586162","-1.5299999713897701","13.310000419616699",NA
"PI586163","-0.58999997377395597","11.079999923706101",NA
"PI586164","-0.58999997377395597","11.079999923706101",NA
"PI586165","-1.29999995231628","12.579999923706101",NA
"PI586166","-0.60000002384185802","12.199999809265099",NA
"PI586167","-1.33000004291534","11.699999809265099",NA
"PI586168","-1.33000004291534","11.699999809265099",NA
"PI586169","-1.33000004291534","11.699999809265099",NA
"PI586172","-0.5","12.5299997329712",NA
"PI586173","-0.5","12.5299997329712",NA
"PI586174","-0.56999999284744296","12.6499996185303",NA
"PI586175","-0.56999999284744296","12.6499996185303",NA
"PI586176","-0.56999999284744296","12.6499996185303",NA
"PI586178","-2.9999999329447701E-2","12.5299997329712",NA
"PI586179","-2.9999999329447701E-2","12.5299997329712",NA
"PI586181","1.5199999809265099","12.4799995422363",NA
"PI586182","1.5199999809265099","12.4799995422363",NA
"PI586183","1.58000004291534","12.430000305175801",NA
"PI586184","1.7799999713897701","12.069999694824199",NA
"PI586185","1.7799999713897701","12.069999694824199",NA
"PI586201","-1.0199999809265099","11.75",NA
"PI586205","-0.980000019073486","11.1000003814697",NA
"PI586239","-1.8600000143051101","13.2299995422363",NA
"PI586259","-2.7000000476837198","13.3599996566772",NA
"PI586272","-3.1600000858306898","13.2299995422363",NA
"PI586356","-3.2599999904632599","10.2799997329712",NA
"PI586357","-3.2599999904632599","10.2799997329712",NA
"PI586359","-1.46000003814697","11.930000305175801",NA
"PI586360","-1.46000003814697","11.930000305175801",NA
"PI586361","-1.46000003814697","11.930000305175801",NA
"PI586362","-1.46000003814697","11.930000305175801",NA
"PI586363","-2.1600000858306898","12.329999923706101",NA
"PI586364","-2.1600000858306898","12.329999923706101",NA
"PI586365","-2.21000003814697","12",NA
"PI586366","-2.0999999046325701","12.699999809265099",NA
"PI586367","-2.0999999046325701","12.699999809265099",NA
"PI586368","-2.1800000667571999","11.6499996185303",NA
"PI586369","-2.1800000667571999","11.6499996185303",NA
"PI586370","-2.0999999046325701","12.1000003814697",NA
"PI586371","-2.0999999046325701","11.2600002288818",NA
"PI586374","-2.0199999809265101","11.199999809265099",NA
"PI586377","15.0299997329712","12.079999923706101",NA
"PI586378","15.0299997329712","12.079999923706101",NA
"PI586387","14.449999809265099","12.569999694824199",NA
"PI586388","14.449999809265099","12.569999694824199",NA
"PI586394","14.449999809265099","12.4799995422363",NA
"PI586403","14.1400003433228","11.039999961853001",NA
"PI586404","13.810000419616699","10.7399997711182",NA
"PI586405","13.810000419616699","10.7399997711182",NA
"PI586464","31.200000762939499","-25.200000762939499",NA
"PI586465","31.200000762939499","-25.200000762939499",NA
"PI586466","30.379999160766602","-29.600000381469702",NA
"PI586467","30.379999160766602","-29.600000381469702",NA
"PI586470","31.059999465942401","-28.569999694824201",NA
"PI586471","31.059999465942401","-28.569999694824201",NA
"PI586472","29.950000762939499","-28.389999389648398",NA
"PI586473","29.950000762939499","-28.389999389648398",NA
"PI586476","30.709999084472699","-23.319999694824201",NA
"PI586477","30.709999084472699","-23.319999694824201",NA
"PI586479","30.790000915527301","-22.850000381469702",NA
"PI586480","30.790000915527301","-22.850000381469702",NA
"PI586481","30.899999618530298","-22.7399997711182",NA
"PI586482","30.899999618530298","-22.7399997711182",NA
"PI586483","30.899999618530298","-22.7399997711182",NA
"PI586493","29.5","-24.190000534057599",NA
"PI586498","29.090000152587901","-23.780000686645501",NA
"PI586499","29.159999847412099","-23.600000381469702",NA
"PI586500","29.159999847412099","-23.600000381469702",NA
"PI586501","29.159999847412099","-23.600000381469702",NA
"PI586503","29.7600002288818","-26",NA
"PI586510","29.809999465942401","-23.459999084472699",NA
"PI586511","29.809999465942401","-23.459999084472699",NA
"PI619639","33.090000152587898","-5.0100002288818404",NA
"PI619640","30.399999618530298","-5.3400001525878897",NA
"PI619641","32.9799995422363","-5.4200000762939498",NA
"PI619642","32.380001068115199","-5.0700001716613796",NA
"PI619643","33.090000152587898","-3.5899999141693102",NA
"PI267621","37.209999084472699","7.5999999046325701",NA
"PI646230","33.450000762939503","1.45000004768372",NA
"PI646231","33.75","1.8600000143051101",NA
"PI619688","33.950000762939503","1.91999995708466",NA
"PI619689","33.950000762939503","1.91999995708466",NA
"PI646233","33.630001068115199","2.0199999809265101",NA
"PI619695","33.450000762939503","1.45000004768372",NA
"PI619696","33.25","1.5",NA
"PI619697","33.25","1.5",NA
"PI646234","33.25","1.5",NA
"PI619698","33.450000762939503","1.5",NA
"PI619701","33.299999237060497","1.9099999666214",NA
"PI619702","33.299999237060497","1.9099999666214",NA
"PI646236","32.830001831054702","1.79999995231628",NA
"PI619713","33.316105100000001","1.6923918",NA
"PI619716","31.7299995422363","0.56999999284744296",NA
"PI619719","32.9799995422363","1.9800000190734901",NA
"PI619720","32.9799995422363","1.9800000190734901",NA
"PI619721","32.9799995422363","1.9800000190734901",NA
"PI619733","32.080001831054702","1.70000004768372",NA
"PI646237","32.080001831054702","1.70000004768372",NA
"PI619734","32.080001831054702","1.70000004768372",NA
"PI619735","32.080001831054702","1.70000004768372",NA
"PI646239","32.299999237060497","1.4700000286102299",NA
"PI646240","32.360000610351598","1.8500000238418599",NA
"PI646241","32.900001525878899","2.25",NA
"PI646242","33.25","2.1500000953674299",NA
"PI646243","33.25","2.1500000953674299",NA
"PI620610","33.25","2.1500000953674299",NA
"PI620611","32.580001831054702","2.2300000190734899",NA
"PI619765","33.200000762939503","2.4700000286102299",NA
"PI646245","33.4799995422363","2.7300000190734899",NA
"PI646246","33.4799995422363","2.6300001144409202",NA
"PI619773","33.25","3",NA
"PI646247","33.049999237060497","3.3699998855590798",NA
"PI646248","32.529998779296903","3.3299999237060498",NA
"PI646249","32.880001068115199","3.1500000953674299",NA
"PI619807","33.330001831054702","3.3499999046325701",NA
"PI646250","33.2700004577637","3.25",NA
"PI619813","32.880001068115199","3.1500000953674299",NA
"PI619816","32.150001525878899","3.1199998855590798",NA
"PI646251","32.299999237060497","2.7799999713897701",NA
"PI213900","36.4799995422363","-1.16999995708466",NA
"PI646252","32.299999237060497","2.7799999713897701",NA
"PI619829","32.169998168945298","2.0999999046325701",NA
"PI619830","32.169998168945298","2.0999999046325701",NA
"PI646254","31.930000305175799","2.6199998855590798",NA
"PI619838","31.930000305175799","2.6199998855590798",NA
"PI646255","31.079999923706101","2.4800000190734899",NA
"PI646256","31.079999923706101","2.4800000190734899",NA
"PI646259","30.9799995422363","2.4100000858306898",NA
"PI646260","30.9799995422363","2.4100000858306898",NA
"PI646261","30.920000076293899","2.5199999809259999",NA
"PI646262","30.920000076293899","2.5199999809265101",NA
"PI646263","30.799999237060501","2.5",NA
"PI646264","30.799999237060501","2.5",NA
"PI646266","30.920000076293899","3.0199999809265101",NA
"PI646267","30.920000076293899","3.0199999809265101",NA
"PI619860","30.920000076293899","3.1600000858306898",NA
"PI619863","31.219999313354499","2.5699999332428098",NA
"PI646271","31.030000686645501","3.0499999523162802",NA
"PI619879","31.200000762939499","2.2999999523162802",NA
"PI646279","31.200000762939499","2.2999999523162802",NA
"PI646280","32.889999389648402","2.2599999904632599",NA
"PI646281","32.889999389648402","2.2599999904632599",NA
"PI619890","32.889999389648402","2.2599999904632599",NA
"PI646283","34.0200004577637","1.04999995231628",NA
"PI620615","34.200000762939503","1.1499999761581401",NA
"PI619896","34.200000762939503","1.1499999761581401",NA
"PI619897","34.299999237060497","1.04999995231628",NA
"PI619901","34.169998168945298","0.83999997377395597",NA
"PI619902","34.169998168945298","0.83999997377395597",NA
"PI619903","34.099998474121101","0.730000019073486",NA
"PI620617","34.099998474121101","0.730000019073486",NA
"PI619904","34.150001525878899","1.29999995231628",NA
"PI646289","34","1.16999995708466",NA
"PI646290","33.090000152587898","0.58999997377395597",NA
"PI646291","34.060001373291001","1.0299999713897701",NA
"PI646292","33.540000915527301","7.0000000298020004E-2",NA
"PI646293","33.75","1.04999995231628",NA
"PI619920","33.450000762939503","0.4699999988079",NA
"PI619921","33.549999237060497","0.30000001192092002",NA
"PI619928","33.9799995422363","0.31999999284744002",NA
"PI646294","33.9799995422363","0.31999999284744002",NA
"PI619930","33.349998474121101","0.30000001192092901",NA
"PI619932","33.349998474121101","0.30000001192092901",NA
"PI619933","33.299999237060497","0.56000000238418601",NA
"PI619935","33.5","0.34999999403953602",NA
"PI619938","33.400001525878899","1.3500000238418599",NA
"PI619939","33.400001525878899","1.3500000238418599",NA
"PI619941","33.5","1.3999999761581401",NA
"PI619950","33.5","1.3500000238418599",NA
"PI646295","33.900001525878899","1.58000004291534",NA
"PI619955","33.930000305175803","1.4800000190734901",NA
"PI619956","33.930000305175803","1.4800000190734901",NA
"PI619958","33.540000915527301","1.20000004768372",NA
"PI619959","33.540000915527301","1.20000004768372",NA
"PI619960","33.540000915527301","1.20000004768372",NA
"PI646296","33.400001525878899","1.2200000286102299",NA
"PI619962","33.400001525878899","1.2200000286102299",NA
"PI646297","30.649999618530298","-0.64999997615814198",NA
"PI619970","30.649999618530298","-0.60000002384185802",NA
"PI619972","30.649999618530298","-0.60000002384185802",NA
"PI619978","30.399999618530298","-0.44999998807907099",NA
"PI619981","30.399999618530298","-0.44999998807907099",NA
"PI619982","30.2700004577637","-0.41999998688697798",NA
"PI619983","30.2700004577637","-0.41999998688697798",NA
"PI619986","30.569999694824201","1.29999995231628",NA
"PI619987","29.680000305175799","-1.2799999713897701",NA
"PI619988","29.680000305175799","-1.2799999713897701",NA
"PI619989","29.680000305175799","-1.2799999713897701",NA
"PI619994","29.700000762939499","-1.12999999523163",NA
"PI620007","30","-0.85000002384185802",NA
"PI646303","29.920000076293899","-0.80000001192092896",NA
"PI620020","29.920000076293899","-0.80000001192092896",NA
"PI646304","29.850000381469702","-0.72000002861023005",NA
"PI620024","29.799999237060501","-0.60000002384185802",NA
"PI620026","29.799999237060501","-0.60000002384185802",NA
"PI646306","30.059999465942401","-0.140000000596046",NA
"PI620050","30.059999465942401","-0.140000000596046",NA
"PI646307","30.079999923706101","-0.109999999403954",NA
"PI620055","30.159999847412099","0.31000000238418601",NA
"PI620072","29.7700004577637","-1.9999999552965001E-2",NA
"PI620083","30.069999694824201","0.129999995231628",NA
"PI620086","30.100000381469702","0.15999999642372101",NA
"PI620090","30.110000610351602","0.17000000178813901",NA
"PI620092","30.090000152587901","0.230000004172325",NA
"PI620094","30.100000381469702","0.18999999761581399",NA
"PI620097","30.2299995422363","0.18000000715255701",NA
"PI620102","30.100000381469702","0.20000000298023199",NA
"PI620105","30.120000839233398","0.21999999880790699",NA
"PI620106","30.120000839233398","0.21999999880790699",NA
"PI620110","30.100000381469702","0.28999999165535001",NA
"PI620111","30.280000686645501","0.67000001668929998",NA
"PI620112","30.280000686645501","0.67000001668929998",NA
"PI620119","31.034803700000001","0.45610879999999998",NA
"PI620120","31.034803700000001","0.45610879999999998",NA
"PI620121","31.200000762939499","0.270000010728836",NA
"PI620122","31.200000762939499","0.270000010728836",NA
"PI620129","30.299999237060501","0.15000000596046401",NA
"PI646312","30.079999923706101","0.41999998688697798",NA
"PI620140","30.079999923706101","0.41999998688697798",NA
"PI646313","30.149999618530298","0.479999989271164",NA
"PI620150","30.100000381469702","0.37000000476837203",NA
"PI620156","30.200000762939499","0.44999998807906999",NA
"PI620157","30.200000762939499","0.44999998807906999",NA
"PI646315","30.2399997711182","5.9999998658895499E-2",NA
"PI620624","31.159999847412099","0.30000001192092901",NA
"PI620173","31.180000305175799","0.28000000119209301",NA
"PI646316","31.399999618530298","0.20000000298023199",NA
"PI646317","31.399999618530298","0.20000000298023199",NA
"PI646319","31.389999389648398","0.20999999344348899",NA
"PI646320","31.299999237060501","0.41999998688697798",NA
"PI620180","31.409999847412099","-0.980000019073486",NA
"PI620181","31.409999847412099","-0.980000019073486",NA
"PI646321","31.299999237060501","-0.41999998688697798",NA
"PI646322","31.399999618530298","-0.72000002861023005",NA
"PI646323","31.399999618530298","-0.72000002861023005",NA
"PI646324","31.120000839233398","-0.31999999284744302",NA
"PI646325","31.120000839233398","-0.31999999284744302",NA
"PI620367","36.970001220703097","-7.4099998474121103",NA
"PI620368","36.900001525878899","-6.9699997901916504",NA
"PI620369","37.659999847412102","-6.8200001716613796",NA
"PI620370","36.860000610351598","-6.1500000953674299",NA
"PI620371","37.659999847412102","-6.8200001716613796",NA
"PI620372","36.869998931884801","-6.2699999809265101",NA
"PI620373","35.740001678466797","-6.1700000762939498",NA
"PI620375","36.75","-6.2800002098083496",NA
"PI620376","36.659999847412102","-6.3299999237060502",NA
"PI620377","36.659999847412102","-6.3299999237060502",NA
"PI620382","36.409999847412102","-6.1999998092651403",NA
"PI620383","36.409999847412102","-6.1999998092651403",NA
"PI620385","35.950000762939503","-5.9000000953674299",NA
"PI620386","35.950000762939503","-5.9000000953674299",NA
"PI620396","35.7299995422363","-5.9800000190734899",NA
"PI620405","35.779998779296903","-4.9000000953674299",NA
"PI620406","35.779998779296903","-4.9000000953674299",NA
"PI620409","35.779998779296903","-4.9000000953674299",NA
"PI620411","35.779998779296903","-6.1700000762939498",NA
"PI620414","36.669998168945298","-3.3599998950958301",NA
"PI620415","36.669998168945298","-3.3599998950958301",NA
"PI620416","35.549999237060497","-4.2199997901916504",NA
"PI620417","35.740001678466797","-4.21000003814697",NA
"PI620418","35.75","-4.21000003814697",NA
"PI620423","34.4799995422363","-5.6900000572204599",NA
"PI620424","34.4799995422363","-5.6900000572204599",NA
"PI620430","34.540000915527301","-4.7399997711181596",NA
"PI620431","34.540000915527301","-4.7399997711181596",NA
"PI620434","32.930000305175803","-4.8600001335143999",NA
"PI620435","32.930000305175803","-4.8600001335143999",NA
"PI646387","34.740001678466797","-4.8179998397827104",NA
"PI620446","34.959999084472699","-5.0900001525878897",NA
"PI620447","34.349998474121101","-4.3499999046325701",NA
"PI620448","34.349998474121101","-4.3499999046325701",NA
"PI620449","34.709999084472699","-5.6799998283386204",NA
"PI620453","34.360000610351598","-4.2600002288818404",NA
"PI620454","34.790000915527301","-5.0799999237060502",NA
"PI620459","35.009998321533203","-6.4099998474121103",NA
"PI620460","35.009998321533203","-6.4099998474121103",NA
"PI620461","34.7299995422363","-4.9899997711181596",NA
"PI646388","34.7299995422363","-4.9899997711181596",NA
"PI620463","34.7299995422363","-4.9000000953674299",NA
"PI646389","36.740001678466797","-4.8200001716613796",NA
"PI620466","36.869998931884801","-4.8200001716613796",NA
"PI620467","36.869998931884801","-4.8200001716613796",NA
"PI620469","34.549999237060497","-5.71000003814697",NA
"PI620472","35.009998321533203","-6.0500001907348597",NA
"PI620473","35.009998321533203","-6.0500001907348597",NA
"PI620475","35.009998321533203","-4.8200001716613796",NA
"PI620476","35.009998321533203","-4.8200001716613796",NA
"PI620477","35.189998626708999","-6.2600002288818404",NA
"PI620478","35.189998626708999","-6.2600002288818404",NA
"PI620479","35.299999237060497","-5.4000000953674299",NA
"PI620480","36.319999694824197","-6.0300002098083496",NA
"PI620483","36.310001373291001","-6.0300002098083496",NA
"PI620484","36.310001373291001","-6.0300002098083496",NA
"PI620493","35.110000610351598","-5.8800001144409197",NA
"PI620494","35.110000610351598","-5.8800001144409197",NA
"PI620495","34.9799995422363","-5.71000003814697",NA
"PI620496","34.9799995422363","-5.71000003814697",NA
"PI620500","34.9799995422363","-5.4499998092651403",NA
"PI620501","34.9799995422363","-5.4499998092651403",NA
"PI620514","34.389999389648402","-4.4000000953674299",NA
"PI620515","34.740001678466797","-4.2600002288818404",NA
"PI620516","33.009998321533203","-4.8800001144409197",NA
"PI620517","33.009998321533203","-4.8800001144409197",NA
"PI620519","32.7299995422363","-5.0700001716613796",NA
"PI620520","33.110000610351598","-4.8899998664856001",NA
"PI620521","33.180000305175803","-4.2199997901916504",NA
"PI620522","33.310001373291001","-3.7300000190734899",NA
"PI620523","33.419998168945298","-3.6600000858306898",NA
"PI620524","33.419998168945298","-3.6600000858306898",NA
"PI620525","33.419998168945298","-3.6600000858306898",NA
"PI620527","33.490001678466797","-3.6600000858306898",NA
"PI620529","33.9799995422363","-2.9900000095367401",NA
"PI620535","33.349998474121101","-2.5799999237060498",NA
"PI646390","32.889999389648402","-2.5099999904632599",NA
"PI620536","32.889999389648402","-2.5099999904632599",NA
"PI620537","33.330001831054702","-2.96000003814697",NA
"PI620538","33.330001831054702","-2.96000003814697",NA
"PI620539","33.330001831054702","-2.96000003814697",NA
"PI620544","33.459999084472699","-4.2300000190734899",NA
"PI620545","33.459999084472699","-4.2300000190734899",NA
"PI620547","33.869998931884801","-4.2800002098083496",NA
"PI620548","33.869998931884801","-4.2800002098083496",NA
"PI646391","34.279998779296903","-1.70000004768372",NA
"PI620557","34.279998779296903","-1.70000004768372",NA
"PI646392","38.459999084472699","-4.8899998664856001",NA
"PI620560","38.459999084472699","-4.8899998664856001",NA
"PI620564","34.889999389648402","-5.7800002098083496",NA
"PI620565","34.889999389648402","-5.7800002098083496",NA
"PI620567","35.7299995422363","-6.1700000762939498",NA
"PI620570","35.790000915527301","-7.4000000953674299",NA
"PI620572","36.990001678466797","-6.8400001525878897",NA
"PI620578","33.080001831054702","-2.8299999237060498",NA
"PI620579","33.009998321533203","-2.71000003814697",NA
"PI570498","28.680000305175799","7.2699999809265101",NA
"PI570504","25.590000152587901","8.4200000762939506",NA
"PI570505","25.590000152587901","8.4200000762939506",NA
"PI570518","30.5","6.5500001907348597",NA
"PI570524","30.200000762939499","13.039999961853001",NA
"PI570549","32.400001525878899","19.139999389648398",NA
"PI570576","32.069999694824197","9.5399999618530291",NA
"PI570571","32.069999694824197","9.5399999618530291",NA
"PI570575","30.5","6.5500001907348597",NA
"PI570588","32.330001831054702","4.2399997711181596",NA
"PI570603","28.700000762939499","12.3400001525879",NA
"PI570511","23.5","13.5",NA
"PI658758","7.4200000762939498","11.039999961853001",NA
"PI647018","8.4300003051757795","11.7700004577637",NA
"PI647019","8.3999996185302699","11.25",NA
"PI647020","8.3999996185302699","11.25",NA
"PI647021","8.3999996185302699","11.25",NA
"PI647022","8.8500003814697301","9.8299999237060494",NA
"PI647023","8.8599996566772496","10.180000305175801",NA
"PI647024","8.2299995422363299","12.2299995422363",NA
"PI647025","7.8299999237060502","12.550000190734901",NA
"PI647026","6.78999996185303","12.7700004577637",NA
"PI647027","8.8299999237060494","11",NA
"PI647028","8.25","12.800000190734901",NA
"PI647029","5.6599998474121103","13.449999809265099",NA
"PI612776","-10.3400001525879","15.069999694824199",NA
"PI612777","-10.3400001525879","15.069999694824199",NA
"PI570604","32.169998168945298","14.2700004577637",NA
"PI570494","33.029998779296903","8.3699998855590803",NA
"PI570550","33.099998474121101","15.039999961853001",NA
"PI570554","33.25","16.399999618530298",NA
"PI570546","33.159999847412102","14.2399997711182",NA
"PI570528","30.25","19.319999694824201",NA
"PI597953","7.7300000190734899","12.5100002288818",NA
"PI562989","9.0100002288818395","11.8599996566772",NA
"PI597954","5.3499999046325701","10.3599996566772",NA
"PI563009","7.8499999046325701","11",NA
"PI563151","34.468589999999999","-0.53757219999999994",NA
"PI563153","37.25","-1.95000004768372",NA
"PI563154","34.599998474121101","0.15999999642372101",NA
"PI563155","34.75","-9.00000035762787E-2",NA
"PI563156","34.700000762939503","0.28000000119209001",NA
"PI563157","34.189998626708999","0.37999999523162797",NA
"PI563163","34.810001373291001","-7.0000000298020004E-2",NA
"PI563194","34.468589999999999","-0.53757219999999994",NA
"PI563196","34.75","-9.0000003576278007E-2",NA
"PI563198","34.909999847412102","-0.18000000715255701",NA
"PI563199","34.650001525878899","5.0000000745057997E-2",NA
"PI563200","34.709999084472699","-0.5",NA
"PI563207","34.650001525878899","5.0000000745057997E-2",NA
"PI563208","34.745126599999999","-0.60541469999999997",NA
"PI563209","34.240001678466797","0.46000000834464999",NA
"PI563219","31.360000610351602","0.15999999642372101",NA
"PI563289","28.102914500000001","-25.8422202",NA
"PI570584","29.2700004577637","4.53999996185303",NA
"PI570503","34.319999694824197","13.3599996566772",NA
"PI571246","34.319999694824197","13.3599996566772",NA
"PI571253","23.5","13.5",NA
"PI571256","33.439998626708999","9.5799999237060494",NA
"PI571261","31.670000076293899","3.8800001144409202",NA
"PI570523","31.670000076293899","3.8800001144409202",NA
"PI571262","30.25","19.329999923706101",NA
"PI571273","29.420000076293899","6.4800000190734899",NA
"PI571275","30.420000076293899","14.2200002670288",NA
"PI571299","33.330001831054702","14.189999580383301",NA
"PI571302","35.380001068115199","15.1300001144409",NA
"IS10068","-4.7666599999999999","10.6333",NA
"IS10189","-4.3000001907348597","11.199999809265099",NA
"IS10191","-0.10000000149011599","12.0100002288818",NA
"IS1033","72.830001831054702","21.170000076293899",NA
"IS1036","72.870002746582003","18.649999618530298",NA
"IS1052","80.449996948242202","16.299999237060501",NA
"IS1106","77.580001831054702","12.9700002670288",NA
"IS1107","75.540000915527301","22.420000076293899",NA
"IS11424","38.080001831054702","4.8800001144409197",NA
"IS11431","35.560001373291001","6.1799998283386204",NA
"IS1151","77.029998779296903","18.290000915527301",NA
"IS1182","85.25","25.579999923706101",NA
"IS1186","79.129997253417997","12.930000305175801",NA
"IS1187","81.110000610351605","16.709999084472699",NA
"IS12031","40.716670000000001","7.15",NA
"IS12106","45.159999847412102","7.4800000190734899",NA
"IS1236","78.410003662109403","10.6000003814697",NA
"IS1240","77.110000610351605","12.1499996185303",NA
"IS1243","77.860000610351605","9.1700000762939506",NA
"IS1246","78.110000610351605","9.8000001907348597",NA
"IS1257","78.349998474121094","9.3199996948242205",NA
"IS12584","38.560001373291001","-3.3499999046325701",NA
"IS12590","40.130001068115199","-1.9099999666214",NA
"IS12606","122.0628","12.490600000000001",NA
"IS12734","126.56999969482401","43.860000610351598",NA
"IS12740","116.38833","39.928890000000003",NA
"IS12779","36.116599999999998","36.2333",NA
"IS12782","39.25","38.066670000000002",NA
"IS12789","30.689722","36.912500000000001",NA
"IS12793","30.290833299999999","37.720277799999998",NA
"IS12796","27.964444400000001","37.8444",NA
"IS12801","27.150277800000001","38.4072222",NA
"IS12805","26.555833","41.676943999999999",NA
"IS12808","26.3325","39.79",NA
"IS12810","27.059999465942401","40.040000915527301",NA
"IS12811","27.9799995422363","40.360000610351598",NA
"IS12813","41.819444400000002","41.182222199999998",NA
"IS12815","43.097499999999997","40.6080556",NA
"IS12817","43.38","38.494166700000001",NA
"IS12818","40.742777799999999","37.311111099999998",NA
"IS12819","37.794166699999998","37.009722199999999",NA
"IS12821","36.916600000000003","37.6",NA
"IS12822","38.311943999999997","38.353332999999999",NA
"IS12953","-89.801109999999994","13.86",NA
"IS13148","44.3938889","33.338611100000001",NA
"IS13155","30.633299999999998","41.033299999999997",NA
"IS13263","73.019996643066406","26.280000686645501",NA
"IS13512","-59.529998999999997","13.17",NA
"IS13515","45.216700000000003","22.683299999999999",NA
"IS1360","73.230003356933594","24.629999160766602",NA
"IS1371","79.260002136230497","16.280000686645501",NA
"IS1401","66.900001525878906","25.379999160766602",NA
"IS14133","30.02","40.244722199999998",NA
"IS1416","78.879997253417997","20.809999465942401",NA
"IS1425","79.819999694824205","10.920000076293899",NA
"IS14444","79.5167","29.0500006866455",NA
"IS14635","40.240001678466797","9.0100002288818395",NA
"IS1464","77.720001220703097","16.9799995422363",NA
"IS1469","79.279998779296903","15.7299995422363",NA
"IS1472","78.080001831054702","10.960000038146999",NA
"IS14724","37.349998474121101","5.28999996185303",NA
"IS1477","77.449996948242202","11.460000038146999",NA
"IS1520","79.989997863769503","14.8900003433228",NA
"IS1523","79.629997253417997","13.180000305175801",NA
"IS1540","78.510002136230497","11.2600002288818",NA
"IS17149","8.0799999237060494","5.5700001716613796",NA
"IS17185","13.680000305175801","11.5200004577637",NA
"IS17195","3.9100000858306898","8.0799999237060494",NA
"IS17196","9.0500001907348597","7.3600001335144096",NA
"IS17669","80.550003051757798","18.299999237060501",NA
"IS17671","80.190002441406193","17.829999923706101",NA
"IS17749","77.660003662109403","15.449999809265099",NA
"IS17752","80.040000915527301","15.4899997711182",NA
"IS17766","79.849998474121094","14.1499996185303",NA
"IS17815","80.919998168945298","17.629999160766602",NA
"IS17819","82.199996948242202","17.5200004577637",NA
"IS17857","82.660003662109403","18.069999694824201",NA
"IS17864","84.470001220703097","18.860000610351602",NA
"IS17872","86.309997558593807","20.75",NA
"IS17885","83.889999389648395","18.7700004577637",NA
"IS17891","81.639999389648395","17.25",NA
"IS17896","83.5","18.25",NA
"IS17905","83.410003662109403","19.159999847412099",NA
"IS17909","76.830001831054702","17.329999923706101",NA
"IS17912","83.089996337890597","20.069999694824201",NA
"IS17917","72.489997863769503","26.379999160766602",NA
"IS17919","71.900001525878906","26.920000076293899",NA
"IS17920","70.910003662109403","26.909999847412099",NA
"IS17921","72.610000610351605","25.340000152587901",NA
"IS17922","73.129997253418097","25.299999237060501",NA
"IS17925","73.5","27.5",NA
"IS17926","75.680000305175795","27.069999694824201",NA
"IS17929","73.559997558593807","23.200000762939499",NA
"IS17930","76.559997558593807","23.200000762939499",NA
"IS17933","75.150001525878906","25.959999084472699",NA
"IS17937","73.709999084472699","26.659999847412099",NA
"IS17942","73.330001831054702","25.7600002288818",NA
"IS17958","77.139999389648395","19.719999313354499",NA
"IS18234","89.934376099999994","23.3629599",NA
"IS18235","90.408615100000006","23.723056799999998",NA
"IS18236","89.209999084472699","23.159999847412099",NA
"IS18238","90.090637200000003","25.088086400000002",NA
"IS18295","5.5700001716613796","14.039999961853001",NA
"IS18303","4.0199999809265101","13.3800001144409",NA
"IS18822","32.25","13.4799995422363",NA
"IS19477","30.680000305175799","4.0900001525878897",NA
"IS19485","30.139999389648398","5.2300000190734899",NA
"IS19494","29.100000381469702","8.5299997329711896",NA
"IS19507","27.2700004577637","5.3499999046325701",NA
"IS19513","31.610000610351602","4.8499999046325701",NA
"IS19520","27.530000686645501","7.3400001525878897",NA
"IS19677","81.930000305175795","19.190000534057599",NA
"IS19680","81.660003662109403","18.399999618530298",NA
"IS19698","81.239997863769503","19.709999084472699",NA
"IS19700","80.559997558593807","22.590000152587901",NA
"IS19706","82.589996337890597","23.059999465942401",NA
"IS19732","80.449996948242202","21.7299995422363",NA
"IS19758","78.349998474121094","22.7299995422363",NA
"IS19804","81.650001525878906","24.969999313354499",NA
"IS19946","-14.4799995422363","15.4899997711182",NA
"IS19950","-13.670000076293899","14.5",NA
"IS19956","-14.670000076293899","16.170000076293899",NA
"IS19962","-15.579999923706101","16.379999160766602",NA
"IS19978","-16.379999160766602","13.670000076293899",NA
"IS19982","-13.0200004577637","14.5100002288818",NA
"IS19988","-13.0299997329712","15.1599998474121",NA
"IS19991","-15.8800001144409","14.079999923706101",NA
"IS19998","-14.25","14.1300001144409",NA
"IS20004","-14.3999996185303","14.5900001525879",NA
"IS20024","-12.2600002288818","14.079999923706101",NA
"IS20027","-13.430000305175801","13.930000305175801",NA
"IS20028","-12.358982900000001","14.8111833",NA
"IS20049","-12.8500003814697","13.8800001144409",NA
"IS20073","-12.829999923706101","12.579999923706101",NA
"IS20087","-13.8699998855591","13.670000076293899",NA
"IS20105","-14.039999961853001","13.079999923706101",NA
"IS20116","-13.449999809265099","13.079999923706101",NA
"IS20125","-14.7799997329712","12.829999923706101",NA
"IS20146","-15.6499996185303","12.560000419616699",NA
"IS20158","10.420000076293899","13.430000305175801",NA
"IS20164","13.180000305175801","13.8800001144409",NA
"IS20166","11.710000038146999","13.5299997329712",NA
"IS20173","11.310000419616699","13.949999809265099",NA
"IS20187","12.6599998474121","13.3599996566772",NA
"IS20216","8.8599996566772496","13.0299997329712",NA
"IS20225","10.25","13.949999809265099",NA
"IS20230","9.1000003814697301","13.8800001144409",NA
"IS20234","9.3299999237060494","12.8999996185303",NA
"IS20243","9.9099998474121094","13.180000305175801",NA
"IS20250","7.46000003814697","14.7299995422363",NA
"IS20261","6.7600002288818404","14.300000190734901",NA
"IS20300","9.0299997329711896","14.3800001144409",NA
"IS20307","2.0599999427795401","14.300000190734901",NA
"IS20314","7.1799998283386204","13.930000305175801",NA
"IS20328","6.1799998283386204","13.9099998474121",NA
"IS20345","4.3499999046325701","14.670000076293899",NA
"IS20348","4.8499999046325701","13.8500003814697",NA
"IS20363","6.3099999427795401","14.7600002288818",NA
"IS20364","5.3499999046325701","15.8599996566772",NA
"IS20378","5.21000003814697","14.449999809265099",NA
"IS20398","2.96000003814697","13.4099998474121",NA
"IS20441","2.8299999237060498","12.7299995422363",NA
"IS20448","3.6600000858306898","14.4799995422363",NA
"IS20450","2.5499999523162802","14.2799997329712",NA
"IS20452","3.5099999904632599","15.180000305175801",NA
"IS20460","3.1800000667571999","14",NA
"IS20463","4.21000003814697","14.0299997329712",NA
"IS20488","1.45000004768372","13.8500003814697",NA
"IS20490","2.46000003814697","13.3500003814697",NA
"IS20492","1.54999995231628","14.420000076293899",NA
"IS20497","1.8999999761581401","13.3599996566772",NA
"IS20498","0.70999997854232799","14.560000419616699",NA
"IS20905","17.566700000000001","8.9167000000000005",NA
"IS21015","37.061805499999998","-0.84471180000000001",NA
"IS21055","34.997073999999998","0.74770230000000004",NA
"IS21139","37.333334000000001","-0.43333329999999998",NA
"IS21155","34.6499977","-1.2333333",NA
"IS21160","38.466667200000003","-0.98333329999999997",NA
"IS21169","36.299999200000002","-0.25000020000000001",NA
"IS21186","39.6593765","-4.0111626999999999",NA
"IS21309","38.110000610351598","-1.5199999809265099",NA
"IS21310","38.040000915527301","-0.57999998331070002",NA
"IS21323","37.400001525878899","-1.2300000190734901",NA
"IS21328","38.209999084472699","0.129999995231628",NA
"IS21343","37.4799995422363","0.119999997317791",NA
"IS21347","37.560001373291001","-2.9500000476837198",NA
"IS21403","33.590000152587898","-14.180000305175801",NA
"IS21464","35.279998779296903","-17.030000686645501",NA
"IS21521","35.279998779296903","-15.3800001144409",NA
"IS21522","34.950000762939503","-14.9799995422363",NA
"IS21535","34.450000762939503","-13.7799997329712",NA
"IS21545","33.400001525878899","-13.069999694824199",NA
"IS21546","34.290000915527301","-12.930000305175801",NA
"IS21557","35.529998779296903","-13.6599998474121",NA
"IS21565","33.75","-10.9799995422363",NA
"IS21583","34.25","-14.3599996566772",NA
"IS21631","33.529998779296903","-13.6199998855591",NA
"IS21976","77.529998779296903","10.7299995422363",NA
"IS21982","77.099998474121094","14.539999961853001",NA
"IS21996","72.550003051757798","24.2299995422363",NA
"IS21997","75.559997558593807","21.0100002288818",NA
"IS22001","74.220001220703097","21.819999694824201",NA
"IS22009","72.959999084472699","19.190000534057599",NA
"IS22019","73.680000305175795","20.75",NA
"IS22025","74.809997558593807","34.080001831054702",NA
"IS22026","79.25","30.2700004577637",NA
"IS2206","74.5","15.8599996566772",NA
"IS22100","75.089996337890597","14.670000076293899",NA
"IS22104","77.370002746582003","16.200000762939499",NA
"IS22193","76.129997253417997","12.1300001144409",NA
"IS22598","80.800003051757798","8.5399999618530291",NA
"IS22601","80.510002136230497","8.0200004577636701",NA
"IS22604","80.129997253417997","7.2600002288818404",NA
"IS22608","79.849998474121094","8.1800003051757795",NA
"IS22615","95.449996948242202","21.879999160766602",NA
"IS22618","96.470001220703097","22.030000686645501",NA
"IS22701","42.419998168945298","3.8299999237060498",NA
"IS22702","43","3.8299999237060498",NA
"IS22742","43.25","2.4200000762939502",NA
"IS22746","42.75","3.25",NA
"IS22751","42.25","3.25",NA
"IS22785","44.830001831054702","3.8299999237060498",NA
"IS22789","45.5","2.5799999237060498",NA
"IS22792","45.669998168945298","3.25",NA
"IS23108","36.099998474121101","-3.5499999523162802",NA
"IS23184","29.620000839233398","-15.079999923706101",NA
"IS23188","30.809999465942401","-14.550000190734901",NA
"IS23225","32.060001373291001","-14.079999923706101",NA
"IS23240","32.529998779296903","-13.550000190734901",NA
"IS23248","28.579999923706101","-13.199999809265099",NA
"IS23262","31.25","-9.2899999618530291",NA
"IS23263","32.110000610351598","-13.289999961853001",NA
"IS23275","31.579999923706101","-13.5200004577637",NA
"IS23283","22.2600002288818","-14.930000305175801",NA
"IS23298","33.200000762939503","-12.2799997329712",NA
"IS23306","33.090000152587898","-10.949999809265099",NA
"IS23308","32.889999389648402","-11.6499996185303",NA
"IS23319","32.580001831054702","-9.3500003814697301",NA
"IS23322","27.069999694824201","-16.829999923706101",NA
"IS23335","32.650001525878899","-10.2600002288818",NA
"IS23341","31.180000305175799","-10.0200004577637",NA
"IS23357","31.5200004577637","-8.8299999237060494",NA
"IS23358","32.0200004577637","-9.0699996948242205",NA
"IS23363","31.110000610351602","-11.079999923706101",NA
"IS23366","29.835275299999999","-13.1166658",NA
"IS23367","24.799999237060501","-14.810000419616699",NA
"IS23370","31.430000305175799","-11.8999996185303",NA
"IS23373","29.389999389648398","-13.6199998855591",NA
"IS23375","28.670000076293899","-13.9700002670288",NA
"IS23376","28.440000534057599","-14.449999809265099",NA
"IS23615","36.240001678466797","7.2699999809265101",NA
"IS23651","-14.7700004577637","13.550000190734901",NA
"IS23674","-16.7299995422363","13.199999809265099",NA
"IS23675","37.810001373291001","-16.889999389648398",NA
"IS23679","37.180000305175803","-16.030000686645501",NA
"IS23685","38.860000610351598","-16.780000686645501",NA
"IS23687","34.400001525878899","-19.049999237060501",NA
"IS23693","38.950000762939503","-15.8999996185303",NA
"IS23694","35.419998168945298","-23.879999160766602",NA
"IS23698","39.819999694824197","-13.710000038146999",NA
"IS23700","38.529998779296903","-13.199999809265099",NA
"IS2371","120","-5",NA
"IS23711","38.310001373291001","-14.939999580383301",NA
"IS24283","33.290000915527301","-8.7299995422363299",NA
"IS24286","35.580001831054702","-7.9200000762939498",NA
"IS24287","34.630001068115199","-8.8500003814697301",NA
"IS24288","34.7700004577637","-9.3299999237060494",NA
"IS24292","35.639999389648402","-10.680000305175801",NA
"IS24294","37.360000610351598","-11.1099996566772",NA
"IS24297","39.310001373291001","-6.1799998283386204",NA
"IS24299","39.299999237060497","-6.8499999046325701",NA
"IS24302","39.069999694824197","-10.920000076293899",NA
"IS24308","38.349998474121101","-6.4000000953674299",NA
"IS24309","30.569999694824201","-6.8499999046325701",NA
"IS24327","76.480003356933594","19.879999160766602",NA
"IS24332","77.559997558593807","20.2299995422363",NA
"IS24334","77.989997863769503","20.709999084472699",NA
"IS24336","79.370002746582003","20.420000076293899",NA
"IS24360","73.940002441406193","19.0100002288818",NA
"IS24369","76.379997253417997","18.7299995422363",NA
"IS24379","79.589996337890597","26.549999237060501",NA
"IS24386","78.069999694824205","27.889999389648398",NA
"IS24389","77.849998474121094","28.399999618530298",NA
"IS24413","81.139999389648395","25.379999160766602",NA
"IS24416","81.089996337890597","26.069999694824201",NA
"IS24417","81.839996337890597","25.450000762939499",NA
"IS24875","9.2100000381469709","9.3900003433227504",NA
"IS25098","-1.031819","7.9550112999999998",NA
"IS25506","30.090000152587901","-3.21000003814697",NA
"IS25543","28.950000762939499","-2.5599999427795401",NA
"IS25670","-4.0900001525878897","13.439999580383301",NA
"IS25690","-6.5599999427795401","14.7299995422363",NA
"IS25694","-7.6599998474121103","15.0100002288818",NA
"IS25706","-8.2299995422363299","14.460000038146999",NA
"IS25708","-8.4799995422363299","15.2600002288818",NA
"IS25722","-9.5500001907348597","14.300000190734901",NA
"IS25752","-3.5099999904632599","15.0100002288818",NA
"IS25766","-4.03999996185303","15.420000076293899",NA
"IS25772","-11.6599998474121","13.8599996566772",NA
"IS25783","-11.3500003814697","15.310000419616699",NA
"IS25784","-10.3699998855591","13.3900003433228",NA
"IS25798","-9.7100000381469709","12.0299997329712",NA
"IS25804","-11.079999923706101","12.3999996185303",NA
"IS25812","-10.579999923706101","12.710000038146999",NA
"IS25816","-6.1199998855590803","11.449999809265099",NA
"IS25839","-4.1199998855590803","14",NA
"IS25865","-9.1199998855590803","12.579999923706101",NA
"IS25868","-9.9799995422363299","12.8800001144409",NA
"IS25877","-8.1999998092651403","13.069999694824199",NA
"IS25888","-7.5799999237060502","14.210000038146999",NA
"IS25912","-8.4499998092651403","13.699999809265099",NA
"IS25913","-7.8000001907348597","13.460000038146999",NA
"IS25921","-7.5599999427795401","13.050000190734901",NA
"IS25931","-8.3800001144409197","12.0299997329712",NA
"IS25936","-8.25","11.560000419616699",NA
"IS25945","-7.53999996185303","11.5900001525879",NA
"IS25966","-8.1999998092651403","10.6000003814697",NA
"IS25985","-7.2600002288818404","10.2799997329712",NA
"IS25987","-6.5","10.75",NA
"IS26000","-5.4099998474121103","11.8599996566772",NA
"IS26005","-5.4000000953674299","11.1300001144409",NA
"IS26008","-5.7699999809265101","10.550000190734901",NA
"IS26031","-5.5","13.069999694824199",NA
"IS26056","-4.5799999237060502","13.2799997329712",NA
"IS26072","-5.0500001907348597","12.550000190734901",NA
"IS26090","-3.3399999141693102","16.090000152587901",NA
"IS26091","-2.6800000667571999","15.210000038146999",NA
"IS26101","-1.4099999666214","15.170000076293899",NA
"IS26103","-2.0499999523162802","15",NA
"IS26108","-2.75","14.6599998474121",NA
"IS26123","-3.3499999046325701","13.75",NA
"IS26131","-3.1600000858306898","14.3999996185303",NA
"IS26136","-3.75","14.4099998474121",NA
"IS26137","-5.21000003814697","14.8599996566772",NA
"IS26142","-6.0100002288818404","14.7799997329712",NA
"IS26147","-5.25","13.579999923706101",NA
"IS26148","-11.460000038146999","14.300000190734901",NA
"IS26282","0.43999999761581399","9.5299997329711896",NA
"IS26285","0.490000009536743","10.0100002288818",NA
"IS26370","1.1100000143051101","9.1300001144409197",NA
"IS26376","1","8.3599996566772496",NA
"IS26390","0.85000002384185802","6.9000000953674299",NA
"IS26404","1.3500000238418599","6.1999998092651403",NA
"IS26419","1.7300000190734901","6.8000001907348597",NA
"IS26434","3.1500000953674299","9.5100002288818395",NA
"IS26485","3.7000000476837198","10.930000305175801",NA
"IS26516","3.2300000190734899","11.939999580383301",NA
"IS26532","2.5299999713897701","11.6499996185303",NA
"IS26540","2.25","11.0200004577637",NA
"IS26548","2.71000003814697","10.7799997329712",NA
"IS26565","1.37999999523163","10.4899997711182",NA
"IS26566","2.0599999427795401","6.4000000953674299",NA
"IS26575","1.08000004291534","10.930000305175801",NA
"IS26576","3","11.180000305175801",NA
"IS26579","2.5599999427795401","9.4099998474121094",NA
"IS26588","1.5099999904632599","10",NA
"IS26594","1.6599999666214","9.0100002288818395",NA
"IS26596","1.7300000190734901","8.5",NA
"IS26598","1.62999999523163","9.5",NA
"IS26602","1.6599999666214","7.8299999237060502",NA
"IS26634","24.170000076293899","-13.829999923706101",NA
"IS26635","23","-13.5",NA
"IS26638","24.829999923706101","-12.329999923706101",NA
"IS26641","28.909999847412099","-9.6499996185302699",NA
"IS26821","44.009998321533203","12.6300001144409",NA
"IS26827","43.319999694824197","16.590000152587901",NA
"IS26837","32.450000762939503","5.03999996185303",NA
"IS26925","77.669998168945298","8.7200002670288104",NA
"IS26978","77.050003051757798","21.319999694824201",NA
"IS26991","85.330001831054702","23.350000381469702",NA
"IS26993","84.809997558593807","23.829999923706101",NA
"IS27003","76.080001831054702","27.670000076293899",NA
"IS27071","30.780000686645501","-20.889999389648398",NA
"IS27087","31.409999847412099","-22.040000915527301",NA
"IS27100","31.450000762939499","-20.350000381469702",NA
"IS27123","28.899999618530298","-19.0100002288818",NA
"IS27129","27.829999923706101","-20.4799995422363",NA
"IS27132","27.75","-19.7600002288818",NA
"IS27137","30","-19.659999847412099",NA
"IS27139","27.75","-18.329999923706101",NA
"IS27156","29.549999237060501","-18.549999237060501",NA
"IS27165","31.280000686645501","-18.899999618530298",NA
"IS27167","28.5200004577637","-18.120000839233398",NA
"IS27169","29.440000534057599","-19.2700004577637",NA
"IS27179","30.180000305175799","-20.850000381469702",NA
"IS27215","29.610000610351602","-17.559999465942401",NA
"IS27222","30.180000305175799","-17.620000839233398",NA
"IS27233","29.399999618530298","-16.059999465942401",NA
"IS27253","32.180000305175803","-16.579999923706101",NA
"IS27292","-1.1799999475479099","13.710000038146999",NA
"IS27336","-2.5299999713897701","14.050000190734901",NA
"IS27387","0.69999998807907104","11.25",NA
"IS27393","1.9999999552965199E-2","11.5299997329712",NA
"IS27502","-4.0799999237060502","12.180000305175801",NA
"IS27527","-3.2799999713897701","11.800000190734901",NA
"IS27680","-12.8699998855591","8.4799995422363299",NA
"IS27708","-11.050000190734901","8",NA
"IS27717","-11.550000190734901","7.9299998283386204",NA
"IS27726","-11.420000076293899","7.2300000190734899",NA
"IS27736","-10.7399997711182","8.6199998855590803",NA
"IS27740","-11.7700004577637","8.4499998092651403",NA
"IS27766","-12.189999580383301","9.2799997329711896",NA
"IS27775","-11.420000076293899","9.8500003814697301",NA
"IS27858","28.7399997711182","-26.75",NA
"IS27859","31.059999465942401","-29.149999618530298",NA
"IS27942","45.319999694824197","14.0299997329712",NA
"IS28036","44.069999694824197","17.0200004577637",NA
"IS28086","43.4799995422363","13.25",NA
"IS28143","43.189998626708999","14.1300001144409",NA
"IS28317","49.049999237060497","14.680000305175801",NA
"IS28444","45.5","13.5299997329712",NA
"IS28453","44.907499999999999","12.747199999999999",NA
"IS28749","47.049999237060497","14.189999580383301",NA
"IS28966","54.2700004577637","12.5299997329712",NA
"IS29053","43.650001525878899","15.7200002670288",NA
"IS29228","31.610000610351602","-27.219999313354499",NA
"IS29664","-70.110000610351605","18.420000076293899",NA
"IS29685","31.75","-19.059999465942401",NA
"IS29757","31.659999847412099","-21.059999465942401",NA
"IS29808","30.579999923706101","-16.170000076293899",NA
"IS29838","30.399999618530298","-17.030000686645501",NA
"IS29856","31.780000686645501","-17.649999618530298",NA
"IS29860","32.220001220703097","-17.399999618530298",NA
"IS29866","32.700000762939503","-16.9799995422363",NA
"IS30024","26.420000076293899","-18.379999160766602",NA
"IS30095","27.25","-19.450000762939499",NA
"IS30122","31.549999237060501","-18.180000305175799",NA
"IS30145","32.650001525878899","-18.969999313354499",NA
"IS30213","27.399999618530298","-17.7399997711182",NA
"IS30318","116.860000610352","33.4799995422363",NA
"IS30319","114.860000610352","31.620000839233398",NA
"IS30359","117.029998779297","37.419998168945298",NA
"IS30360","111.110000610352","38.459999084472699",NA
"IS30371","111.080001831055","39",NA
"IS30391","111.93000030517599","38.349998474121101",NA
"IS30398","113.360000610352","37.080001831054702",NA
"IS30401","113.59999847412099","37.830001831054702",NA
"IS30407","104.43000030517599","26.7700004577637",NA
"IS30422","111.830001831055","38.909999847412102",NA
"IS30444","117.379997253418","27.4799995422363",NA
"IS30452","112.80999755859401","39.5200004577637",NA
"IS30455","118.84999847412099","32.830001831054702",NA
"IS3075","34.409999847412102","14.2399997711182",NA
"IS30853","13.9700002670288","8.8299999237060494",NA
"IS30855","13.2399997711182","8.4700002670288104",NA
"IS30858","14.75","7.8299999237060502",NA
"IS30860","15.3900003433228","7.8299999237060502",NA
"IS30864","14.829999923706101","7.1700000762939498",NA
"IS30867","14.189999580383301","7.3299999237060502",NA
"IS30868","13.5","7.5",NA
"IS3127","67.106626000000006","36.707529000000001",NA
"IS31666","13.1166658","-5.1000003999999999",NA
"IS31869","48.439998626708999","14.4799995422363",NA
"IS31965","43.090000152587898","16.120000839233398",NA
"IS32150","44.090000152587898","16.360000610351602",NA
"IS32262","48.340000152587898","15.1499996185303",NA
"IS32337","85.260002136230497","21.680000305175799",NA
"IS32357","82.790000915527301","20.5",NA
"IS32370","84.300003051757798","20.829999923706101",NA
"IS32373","83.989997863769503","21.469999313354499",NA
"IS32401","85.360000610351605","24",NA
"IS32404","86.830001831054702","23.940000534057599",NA
"IS32405","87.25","24.2700004577637",NA
"IS32420","84.25","24.2700004577637",NA
"IS32425","85.180000305175795","26.379999160766602",NA
"IS32426","86.910003662109403","24.879999160766602",NA
"IS32449","83.360000610351605","24.409999847412099",NA
"IS32459","84.370002746582102","24.75",NA
"IS32461","83.190002441406193","23.120000839233398",NA
"IS32471","81.779998779296903","22.75",NA
"IS32475","83.209999084472699","22.4799995422363",NA
"IS32506","81.389999389648395","17.799999237060501",NA
"IS32571","44.840000152587898","2.9900000095367401",NA
"IS32685","45.490001678466797","3.8900001049041699",NA
"IS33242","15.439999580383301","10",NA
"IS33716","76.690002441406193","17.829999923706101",NA
"IS33861","75.089996337890597","17.370000839233398",NA
"IS33973","78.900001525878906","13.6499996185303",NA
"IS33984","78.180000305175795","14.0100002288818",NA
"IS34008","78.309997558593807","15.2299995422363",NA
"IS34017","74.819999694824205","22.959999084472699",NA
"IS34029","74.559997558593807","22.409999847412099",NA
"IS34035","75.779998779296903","23.170000076293899",NA
"IS34067","76.010002136230497","23.700000762939499",NA
"IS34083","75.069999694824205","24.059999465942401",NA
"IS34139","75.680000305175795","21.7600002288818",NA
"IS34150","76.349998474121094","21.829999923706101",NA
"IS34219","82.959999084472699","18.569999694824201",NA
"IS34226","27.879999160766602","-21.280000686645501",NA
"IS3457","33.400001525878899","4.1100001335144096",NA
"IS34778","14.7700004577637","5.1700000762939498",NA
"IS34781","14.829999923706101","5.8499999046325701",NA
"IS34814","16.379999160766602","6.6700000762939498",NA
"IS34840","16.170000076293899","7.2800002098083496",NA
"IS34851","15.6400003433228","6.9800000190734899",NA
"IS34860","16.7299995422363","7.3699998855590803",NA
"IS34895","20.690000534057599","5.6599998474121103",NA
"IS34901","17.559999465942401","6.5",NA
"IS34906","17.549999237060501","5.7800002098083496",NA
"IS34908","17.649999618530298","5.2600002288818404",NA
"IS34909","18.409999847412099","6.0300002098083496",NA
"IS34913","18.280000686645501","6.5100002288818404",NA
"IS34928","18.290000915527301","7.3099999427795401",NA
"IS34938","19.170000076293899","6.3699998855590803",NA
"IS34939","18.829999923706101","7.2199997901916504",NA
"IS34947","19.799999237060501","6.6599998474121103",NA
"IS34954","22.649999618530298","8.4099998474121094",NA
"IS34965","20.180000305175799","7.5500001907348597",NA
"IS34976","18.670000076293899","4.3299999237060502",NA
"IS35170","27.219999313354499","-20.840000152587901",NA
"IS35214","73.660003662109403","30.670000076293899",NA
"IS35215","73.059997558593807","30.280000686645501",NA
"IS35218","73.239997863769503","29.7399997711182",NA
"IS35222","72.849998474121094","29.190000534057599",NA
"IS35225","71.669998168945298","29.389999389648398",NA
"IS35229","65.940002441406193","28.680000305175799",NA
"IS35230","69.940002441406193","28.680000305175799",NA
"IS35231","70.319999694824205","29.100000381469702",NA
"IS35239","70.290000915527301","29.9899997711182",NA
"IS35240","70.580001831054702","30.629999160766602",NA
"IS35244","71.220001220703097","31.170000076293899",NA
"IS35246","71.900001525878906","31.879999160766602",NA
"IS35250","72.849998474121094","32.930000305175803",NA
"IS35254","72.260002136230497","33.240001678466797",NA
"IS35255","73.040000915527301","33.599998474121101",NA
"IS35427","31.799999237060501","1.1000000238418599",NA
"IS35471","25.110000610351602","-17.7299995422363",NA
"IS35475","24.180000305175799","-17.860000610351602",NA
"IS35478","23.379999160766602","-17.75",NA
"IS35480","20.549999237060501","-17.9799995422363",NA
"IS35483","19.049999237060501","-18.030000686645501",NA
"IS35503","18.4799995422363","-17.7299995422363",NA
"IS35506","19.7299995422363","-18.430000305175799",NA
"IS35507","19.9799995422363","-19.75",NA
"IS35509","17.340000152587901","-19.639999389648398",NA
"IS35510","17.159999847412099","-18.610000610351602",NA
"IS35522","14.6300001144409","-17.5100002288818",NA
"IS35526","15.2299995422363","-17.920000076293899",NA
"IS35553","15.329999923706101","-17.430000305175799",NA
"IS35567","17.799999237060501","-17.600000381469702",NA
"IS35570","17.129999160766602","-17.620000839233398",NA
"IS35574","15.829999923706101","-17.5",NA
"IS35579","16.5","-17.569999694824201",NA
"IS35602","13.75","-17.920000076293899",NA
"IS35604","13.170000076293899","-17.870000839233398",NA
"IS3582","33.549999237060497","18.100000381469702",NA
"IS36052","78.279998779296903","17.2299995422363",NA
"IS36058","79.260002136230497","17.5",NA
"IS36060","78.730003356933594","16.899999618530298",NA
"IS36081","78.459999084472699","16.450000762939499",NA
"IS36088","79.589996337890597","18",NA
"IS36100","73.300003051757798","16.9799995422363",NA
"IS36102","91.309997558593807","23.309999465942401",NA
"IS36239","77.860000610351605","10.2799997329712",NA
"IS36247","78.830001831054702","9.6300001144409197",NA
"IS36317","76.930000305175795","13.6499996185303",NA
"IS36324","76.760002136230497","15.7799997329712",NA
"IS36329","76.010002136230497","15.6300001144409",NA
"IS36336","76.930000305175795","16.409999847412099",NA
"IS36342","75.919998168945298","16.350000381469702",NA
"IS36398","79.379997253417997","11.329999923706101",NA
"IS36401","80.180000305175795","12.7799997329712",NA
"IS36403","79.5","11.939999580383301",NA
"IS36404","78.610000610351605","12.2799997329712",NA
"IS36450","79.650001525878906","29.600000381469702",NA
"IS36452","76.910003662109403","8.4799995422363299",NA
"IS3696","121.51000213623099","25.040000915527301",NA
"IS37124","25.879999160766602","-17.620000839233398",NA
"IS37125","24.2700004577637","-15.329999923706101",NA
"IS37127","26.170000076293899","-16.700000762939499",NA
"IS37128","25.170000076293899","-16.75",NA
"IS37129","24.690000534057599","-16.430000305175799",NA
"IS37133","23.25","-15.579999923706101",NA
"IS37134","23.309999465942401","-15.079999923706101",NA
"IS37135","23","-14.199999809265099",NA
"IS37136","23.129999160766602","-16.329999923706101",NA
"IS37140","22.75","-15.2799997329712",NA
"IS37146","21.629999160766602","-18.110000610351602",NA
"IS37203","77.349998474121094","17.399999618530298",NA
"IS37234","76.230003356933594","16.909999847412099",NA
"IS37569","42.790000915527301","9.3400001525878906",NA
"IS3762","141.35388889999999","43.0547222",NA
"IS37746","35.099998474121101","9.7899999618530291",NA
"IS37978","42.619998931884801","10.829999923706101",NA
"IS38021","35.529998779296903","8.1499996185302699",NA
"IS38026","39","13.6099996566772",NA
"IS38159","41.630001068115199","11.5299997329712",NA
"IS38683","39.029998779296903","12.6300001144409",NA
"IS39453","38","11.8500003814697",NA
"IS39462","39.970001220703097","8.6199998855590803",NA
"IS39463","35.880001068115199","12.060000419616699",NA
"IS39474","34.580001831054702","9.3100004196166992",NA
"IS39496","37.849998474121101","7.53999996185303",NA
"IS39525","38.090000152587898","11.0100002288818",NA
"IS39672","9.7799997329711896","9.7799997329711896",NA
"IS39677","10.579999923706101","8.6300001144409197",NA
"IS39713","8.4700002670288104","8.8699998855590803",NA
"IS39764","6.3499999046325701","13.1300001144409",NA
"IS39778","5.8499999046325701","12.75",NA
"IS39780","13.6599998474121","12.1099996566772",NA
"IS39783","5.0599999427795401","9.3299999237060494",NA
"IS39791","5.9299998283386204","12.1099996566772",NA
"IS39797","12.7799997329712","12.7799997329712",NA
"IS39809","11.6300001144409","9.6700000762939506",NA
"IS39810","13.079999923706101","9.6099996566772496",NA
"IS39814","11.420000076293899","10.800000190734901",NA
"IS39815","12.75","11.1599998474121",NA
"IS39819","11.939999580383301","11.4899997711182",NA
"IS39913","31.340000152587901","1.4400000572204601",NA
"IS39915","32.470001220703097","0.85000002384185003",NA
"IS40005","32.450000762939503","0.27000001072883001",NA
"IS4003","76.559997558593807","28.899999618530298",NA
"IS40033","8.5299997329711896","7.7300000190734899",NA
"IS40034","8.5100002288818395","8.3100004196166992",NA
"IS40036","5.2300000190734899","8.0799999237060494",NA
"IS40215","75.360000610351605","16.069999694824201",NA
"IS40272","75","16.5",NA
"IS40306","76.5","14.829999923706101",NA
"IS40307","76.160003662109403","14.4899997711182",NA
"IS40324","75.589996337890597","14.560000419616699",NA
"IS40325","75.830001831054702","15",NA
"IS40329","75.959999084472699","13.5900001525879",NA
"IS40373","32.880001068115199","-0.37999999523162797",NA
"IS4064","76.339996337890597","26.0200004577637",NA
"IS40729","74.459999084472699","20.540000915527301",NA
"IS40730","75.059997558593807","20.329999923706101",NA
"IS40757","75.879997253417997","19.620000839233398",NA
"IS40771","76.769996643066406","19.2600002288818",NA
"IS40791","73.809997558593807","20.149999618530298",NA
"IS40803","74.830001831054702","18.329999923706101",NA
"IS40819","74.440002441406193","19.049999237060501",NA
"IS40822","74.930000305175795","19.370000839233398",NA
"IS40824","74.470001220703097","19.870000839233398",NA
"IS40841","74.660003662109403","17.850000381469702",NA
"IS4127","74.629997253417997","24.879999160766602",NA
"IS4207","76.160003662109403","24.590000152587901",NA
"IS4246","81.220001220703097","24.049999237060501",NA
"IS4248","81.389999389648395","20.280000686645501",NA
"IS4254","77.080001831054702","23.200000762939499",NA
"IS4269","77.430000305175795","22.440000534057599",NA
"IS4277","84.010002136230497","22.579999923706101",NA
"IS4307","76.360000610351605","25.459999084472699",NA
"IS4308","77.809997558593807","23.530000686645501",NA
"IS4332","78.459999084472699","25.659999847412099",NA
"IS4339","78.779998779296903","26.559999465942401",NA
"IS4347","78.010002136230497","26.4799995422363",NA
"IS4378","77.129997253417997","24.399999618530298",NA
"IS4405","78.199996948242202","24.200000762939499",NA
"IS4416","76.980003356933594","23.7600002288818",NA
"IS4489","74.519996643066406","24.2700004577637",NA
"IS4543","75.760002136230497","18.9899997711182",NA
"IS4734","70.779998779296903","22.299999237060501",NA
"IS4758","70.059997558593807","22.459999084472699",NA
"IS4788","71.230003356933594","21.610000610351602",NA
"IS4798","72.139999389648395","21.7600002288818",NA
"IS4809","72.680000305175795","22.75",NA
"IS4855","72.389999389648395","23.600000381469702",NA
"IS5125","79.309997558593807","15.2299995422363",NA
"IS5134","81.080001831054702","16.110000610351602",NA
"IS5139","80.099998474121094","16.899999618530298",NA
"IS5158","82.220001220703097","16.930000305175799",NA
"IS5166","83.300003051757798","17.700000762939499",NA
"IS5177","84.010002136230497","18.299999237060501",NA
"IS5194","80.410003662109403","17.340000152587901",NA
"IS5219","78.580001831054702","15.8800001144409",NA
"IS5233","78.830001831054702","18.379999160766602",NA
"IS5257","78.010002136230497","18.670000076293899",NA
"IS5282","78.370002746582003","17.799999237060501",NA
"IS5290","85.849998474121094","19.799999237060501",NA
"IS5313","83.5","20.709999084472699",NA
"IS5325","84.019996643066406","22.069999694824201",NA
"IS5326","84.599998474121094","22.200000762939499",NA
"IS5328","85.360000610351605","20.389999389648398",NA
"IS5335","84.559997558593807","20.370000839233398",NA
"IS5339","85.660003662109403","22.079999923706101",NA
"IS5348","86.559997558593807","21.290000915527301",NA
"IS5404","78.959999084472699","11.949999809265099",NA
"IS5409","78.910003662109403","10.9700002670288",NA
"IS5456","76.209999084472699","10.5100002288818",NA
"IS5464","76.510002136230497","9.5799999237060494",NA
"IS5469","75.339996337890597","14.079999923706101",NA
"IS5491","76.050003051757798","13",NA
"IS5499","78.129997253417997","13.1300001144409",NA
"IS5689","84.220001220703097","23.7299995422363",NA
"IS5788","78.709999084472699","23.829999923706101",NA
"IS5804","79.400001525878906","23.9799995422363",NA
"IS5815","78.819999694824205","26.030000686645501",NA
"IS5818","79.940002441406193","23.159999847412099",NA
"IS5824","82.550003051757798","23.719999313354499",NA
"IS5832","81.650001525878906","20.7299995422363",NA
"IS5839","81.339996337890597","21.799999237060501",NA
"IS5855","79.199996948242202","22.889999389648398",NA
"IS5900","82.089996337890597","22.049999237060501",NA
"IS5928","81.900001525878906","24.399999618530298",NA
"IS5980","80.180000305175795","24.719999313354499",NA
"IS5995","78.819999694824205","24.7399997711182",NA
"IS6004","74.849998474121094","32.709999084472699",NA
"IS6024","75.849998474121094","30.899999618530298",NA
"IS6035","76.400001525878906","30.319999694824201",NA
"IS6095","80.150001525878906","25.959999084472699",NA
"IS6099","79.019996643066406","27.2299995422363",NA
"IS6106","79.559997558593807","27.399999618530298",NA
"IS6116","82.069999694824205","26.25",NA
"IS6146","83","25.180000305175799",NA
"IS6150","82.410003662109403","25.450000762939499",NA
"IS6152","84.080001831054702","25.450000762939499",NA
"IS6165","81.599998474121094","27.579999923706101",NA
"IS6169","77.160003662109403","29.100000381469702",NA
"IS6191","80.510002136230497","27.069999694824201",NA
"IS6192","80.769996643066406","27.950000762939499",NA
"IS6203","79.800003051757798","28.629999160766602",NA
"IS6206","82.650001525878906","26.549999237060501",NA
"IS6208","82.120002746582003","27.0200004577637",NA
"IS6210","75.449996948242202","25.5",NA
"IS6215","75.569999694824205","28.579999923706101",NA
"IS6222","78.459999084472699","28.5",NA
"IS6227","78.080001831054702","29.219999313354499",NA
"IS6230","86.360000610351605","23.329999923706101",NA
"IS6236","87.959999084472699","21.860000610351602",NA
"IS6243","88.279998779296903","23.0100002288818",NA
"IS6245","87.110000610351605","23.079999923706101",NA
"IS6249","87.980003356933594","23.7299995422363",NA
"IS6255","87.279998779296903","22.469999313354499",NA
"IS6259","88.260002136230497","24.180000305175799",NA
"IS6266","88.730003356933594","26.5100002288818",NA
"IS6269","92.900390599999994","26.470573099999999",NA
"IS6276","76.779998779296903","30.7399997711182",NA
"IS6282","75.830001831054702","30.2299995422363",NA
"IS6294","75.449996948242202","29.5",NA
"IS6321","76.180000305175795","28.4799995422363",NA
"IS6329","77.080001831054702","29.719999313354499",NA
"IS6331","76.379997253417997","29.799999237060501",NA
"IS7069","33.340000152587898","18.559999465942401",NA
"IS7304","11.75","12.1099996566772",NA
"IS7312","12","12.930000305175801",NA
"IS7343","11.1000003814697","12.2600002288818",NA
"IS7348","11.039999961853001","12.8699998855591",NA
"IS7360","10.6300001144409","11.949999809265099",NA
"IS7367","3.3099999427795401","6.6599998474121103",NA
"IS7386","11.3800001144409","10.210000038146999",NA
"IS7389","10.170000076293899","9.4099998474121094",NA
"IS7403","9.5","6.9800000190734899",NA
"IS7408","9.6099996566772496","7.5100002288818404",NA
"IS7411","7.8299999237060502","8",NA
"IS7418","8.1599998474121094","4.6999998092651403",NA
"IS7419","10.2600002288818","7",NA
"IS7424","12.079999923706101","8.3699998855590803",NA
"IS7428","7.8600001335143999","8.8500003814697301",NA
"IS7447","3.71000003814697","12.310000419616699",NA
"IS7469","6.03999996185303","7.5",NA
"IS7480","9.4300003051757795","6.4800000190734899",NA
"IS7486","7.0599999427795401","7.3600001335144096",NA
"IS7490","10.0299997329712","12.1499996185303",NA
"IS7492","13.680000305175801","12.8500003814697",NA
"IS7506","8.5299997329711896","7.0300002098083496",NA
"IS7508","7.1300001144409197","10.199999809265099",NA
"IS7535","4.2699999809265101","12.0299997329712",NA
"IS7643","6.5599999427795401","9.0500001907348597",NA
"IS7689","5.2300000190734899","11.430000305175801",NA
"IS7696","6.5799999237060502","10.300000190734901",NA
"IS7702","5.8299999237060502","10.829999923706101",NA
"IS7704","6.5","9.75",NA
"IS7763","7.0500001907348597","8.2299995422363299",NA
"IS7773","8.1499996185302699","10.579999923706101",NA
"IS7792","10.8999996185303","7.2600002288818404",NA
"IS7802","9.6300001144409197","11.050000190734901",NA
"IS7806","6.4000000953674299","5.6300001144409197",NA
"IS7812","7.1399998664856001","9.1199998855590803",NA
"IS7825","7.6799998283386204","9.4799995422363299",NA
"IS7834","8.8500003814697301","5.8299999237060502",NA
"IS7835","11.3800001144409","8.8500003814697301",NA
"IS7836","6.5999999046325701","6.4499998092651403",NA
"IS7843","5.3099999427795401","8.7799997329712003",NA
"IS7845","4.3800001144409197","7.1300001144409197",NA
"IS7849","4.0799999237060502","8.8599996566772496",NA
"IS7887","4.5799999237060502","10.699999809265099",NA
"IS7892","6.1799998283386204","5.0700001716613796",NA
"IS7920","9.1000003814697301","12.430000305175801",NA
"IS7923","5.1100001335143999","12.1499996185303",NA
"IS7948","4.5500001907348597","11.199999809265099",NA
"IS7995","6.5","12.079999923706101",NA
"IS8310","70.160003662109403","24.079999923706101",NA
"IS8861","35.830001831054702","-1.96000003814697",NA
"IS9115","31.499998999999999","-2.0000005000000001",NA
"IS962","-89.480003356933594","40.919998168945298",NA
"IS9720","23.290000915527301","14.2399997711182",NA
"IS11473","36.650001525878899","15.1000003814697",NA
"IS11619","38.700000762939503","9.0299997329711896",NA
"IS11919","39.049999237060497","15.069999694824199",NA
"IS11954","38.919998168945298","15.319999694824199",NA
"IS12804","28.964722200000001","41.018611100000001",NA
"IS12945","-85.833299999999994","11.433299999999999",NA
"IS13782","29.871030000000001","-29.01502",NA
"IS13893","29.871030000000001","-29.01502",NA
"IS13919","29.871030000000001","-29.01502",NA
"IS13971","29.871030000000001","-29.01502",NA
"IS14010","29.871030000000001","-29.01502",NA
"IS14564","35.220001220703097","14.039999961853001",NA
"IS14567","35.430000305175803","13.829999923706101",NA
"IS14719","37.549999237060497","6.0300002098083496",NA
"IS17941","76.669998168945298","26.549999237060501",NA
"IS17980","77","20.700000762939499",NA
"IS18039","77","20.700000762939499",NA
"IS18948","77.739997863769503","27.440000534057599",NA
"IS19153","24.149999618530298","11.189999580383301",NA
"IS19262","24.149999618530298","11.189999580383301",NA
"IS19859","80.300003051757798","25.180000305175799",NA
"IS19975","-15.4700002670288","13.1400003433228",NA
"IS21083","34.4799995422363","-0.10000000149011599",NA
"IS21512","34.779998779296903","-16.149999618530298",NA
"IS21645","34.849998474121101","-16.280000686645501",NA
"IS21863","36.299999237060497","33.5",NA
"IS2205","77.181701700000005","28.6255144",NA
"IS22239","25.879999160766602","-24.4799995422363",NA
"IS22294","27.7600002288818","-23.0100002288818",NA
"IS22609","80.980003356933594","7.3200001716613796",NA
"IS22616","95.690002441406193","22.569999694824201",NA
"IS22720","43.5","3.4200000762939502",NA
"IS22799","45.25","4.75",NA
"IS22986","30.5200004577637","10.5299997329712",NA
"IS23216","31.329999923706101","-14.25",NA
"IS23514","34.389999389648402","8.2399997711181605",NA
"IS23521","34.259998321533203","8.1999998092651403",NA
"IS23579","34.590000152587898","8.2399997711181605",NA
"IS23586","34.659999847412102","8.2700004577636701",NA
"IS23590","34.659999847412102","8.2700004577636701",NA
"IS23644","-15.3999996185303","13.6599998474121",NA
"IS23684","38.319999694824197","-16.149999618530298",NA
"IS2379","31.5","-23.83333",NA
"IS2382","31.5","-23.83333",NA
"IS2397","31.5","-23.83333",NA
"IS24348","74.680000305175795","21.180000305175799",NA
"IS25522","29.399999618530298","-3.3399999141693102",NA
"IS25523","29.399999618530298","-3.3399999141693102",NA
"IS25524","29.340000152587901","-3.4900000095367401",NA
"IS25548","29.360000610351602","-2.0599999427795401",NA
"IS25732","-10.3599996566772","14.2700004577637",NA
"IS25836","-10.2700004577637","15.1499996185303",NA
"IS25989","-7.0100002288818404","11.2799997329712",NA
"IS26025","-6.3600001335143999","12.3900003433228",NA
"IS26222","0.230000004172325","10.800000190734901",NA
"IS27557","-2.46000003814697","12.2399997711182",NA
"IS27697","-12.3500003814697","8.5799999237060494",NA
"IS27887","29.4899997711182","-24.190000534057599",NA
"IS27912","29.7600002288818","-26",NA
"IS28141","47.450000762939503","15.2399997711182",NA
"IS28313","48.200000762939503","16.0200004577637",NA
"IS28449","43.040000915527301","15.1199998855591",NA
"IS28451","43.040000915527301","15.1199998855591",NA
"IS28614","46.279998779296903","14.199999809265099",NA
"IS28747","44.490001678466797","13.069999694824199",NA
"IS28849","43.560001373291001","15.1400003433228",NA
"IS29091","45.209999084472699","14.4899997711182",NA
"IS29100","43.169998168945298","15.189999580383301",NA
"IS29187","31.139999389648398","-26.319999694824201",NA
"IS29233","31.0100002288818","-26.950000762939499",NA
"IS29239","31.0100002288818","-26.950000762939499",NA
"IS29241","31.0100002288818","-26.950000762939499",NA
"IS29304","31.139999389648398","-26.319999694824201",NA
"IS29314","31.850000381469702","-26.030000686645501",NA
"IS29326","31.0100002288818","-26.950000762939499",NA
"IS29335","31.0100002288818","-26.950000762939499",NA
"IS29358","27.620000839233398","-29.5100002288818",NA
"IS29392","28","-29.5",NA
"IS29441","28.700000762939499","-30.129999160766602",NA
"IS29468","27.549999237060501","-30.0200004577637",NA
"IS29565","27.4799995422363","-29.319999694824201",NA
"IS29568","27.4799995422363","-29.319999694824201",NA
"IS29582","27.4799995422363","-29.319999694824201",NA
"IS29689","31.629999160766602","-19.5200004577637",NA
"IS29714","32.2299995422363","-20.790000915527301",NA
"IS29733","30.040000915527301","-20.329999923706101",NA
"IS29772","32.119998931884801","-18.530000686645501",NA
"IS29914","29.100000381469702","-20.030000686645501",NA
"IS29950","29.280000686645501","-20.530000686645501",NA
"IS30079","27.7299995422363","-18.930000305175799",NA
"IS30092","28.559999465942401","-20.809999465942401",NA
"IS30231","31.049999237060501","-17.829999923706101",NA
"IS30383","113.25","38.709999084472699",NA
"IS30400","112.68000030517599","36.529998779296903",NA
"IS30417","113.09999847412099","36.189998626709098",NA
"IS30443","112.30999755859401","37.349998474121101",NA
"IS30450","113.68000030517599","39.689998626708999",NA
"IS30451","114.23000335693401","39.430000305175803",NA
"IS30460","112.68000030517599","36.529998779296903",NA
"IS30466","112.879997253418","36.319999694824197",NA
"IS30572","14.329999923706101","10.5900001525879",NA
"IS30838","13.5200004577637","10",NA
"IS31043","33.330001831054702","3.3499999046325701",NA
"IS31186","33.549999237060497","1.79999995231628",NA
"IS31446","30.25","0.129999995231628",NA
"IS31557","30.040000915527301","-3.9800000190734899",NA
"IS31706","44.090000152587898","13.4799995422363",NA
"IS31714","44.200000762939503","14.420000076293899",NA
"IS32245","44.189998626708999","14.5200004577637",NA
"IS32349","82.459999084472699","19.530000686645501",NA
"IS32439","86.470001220703097","25.379999160766602",NA
"IS32754","45.119998931884801","2.1400001049041699",NA
"IS33023","32.819999694824197","-5.0199999809265101",NA
"IS33844","75.900001525878906","17.670000076293899",NA
"IS4060","77.489997863769503","27.209999084472699",NA
"IS4092","75.779998779296903","26.159999847412099",NA
"IS4360","77.389999389648395","25.25",NA
"IS4372","75.25","23.5100002288818",NA
"IS4515","75.319999694824205","19.879999160766602",NA
"IS4581","76.050003051757798","18.159999847412099",NA
"IS4613","76.050003051757798","18.159999847412099",NA
"IS4631","76.050003051757798","18.159999847412099",NA
"IS4698","74","17.690000534057599",NA
"IS4951","76.180000305175795","20.530000686645501",NA
"IS5094","77.589996337890597","14.680000305175801",NA
"IS5295","84.129997253417997","20.030000686645501",NA
"IS5301","85.059997558593807","19.379999160766602",NA
"IS5386","76.959999084472699","11",NA
"IS5667","75.019996643066406","15.4700002670288",NA
"IS5919","81.370002746582003","23.299999237060501",NA
"IS6351","75.019996643066406","15.4700002670288",NA
"IS6354","75.019996643066406","15.4700002670288",NA
"IS6421","74","17.690000534057599",NA
"IS7305","13.0100002288818","11.560000419616699",NA
"IS7310","11.1000003814697","11.4799995422363",NA
"IS7679","12.6300001144409","9.1599998474121094",NA
"IS7957","4.1100001335143999","11.3999996185303",NA
"IS7987","3.7000000476837198","11.5",NA
"IS8777","32.5525795","1.83000004291534",NA
"IS8916","34.080001831054702","0.46000000834464999",NA
"IS9108","34.810001373291001","-7.0000000298020004E-2",NA
"IS9113","34.810001373291001","-7.0000000298020004E-2",NA
"IS9745","34.069999694824197","12.430000305175801",NA
"IS10876","8.3800001144409197","9.75",NA
"IS10882","8.3800001144409197","9.75",NA
"IS11119","38.2299995422363","9.5",NA
"IS1127","87.800003051757798","26.0100002288818",NA
"IS11374","36.529998779296903","9.0799999237060494",NA
"IS11758","42.009998321533203","9.3999996185302699",NA
"IS11960","38.919998168945298","15.319999694824199",NA
"IS12110","36.689998626708999","9.2100000381469709",NA
"IS12169","39.029998779296903","12.0299997329712",NA
"IS12531","42.110000610351598","9.3100004196166992",NA
"IS13264","74.633300000000006","26.45",NA
"IS13791","29.871030000000001","-29.01502",NA
"IS13827","29.871030000000001","-29.01502",NA
"IS13845","29.871030000000001","-29.01502",NA
"IS13926","29.871030000000001","-29.01502",NA
"IS13989","29.871030000000001","-29.01502",NA
"IS1398","30.2299995422363","10.3699998855591",NA
"IS14446","35.220001220703097","14.039999961853001",NA
"IS14449","35.220001220703097","14.039999961853001",NA
"IS14478","32.060001373291001","8.4099998474121094",NA
"IS14556","35.9799995422363","4.5100002288818404",NA
"IS14735","37.930000305175803","5.3800001144409197",NA
"IS19016","24.149999618530298","11.189999580383301",NA
"IS19026","24.149999618530298","11.189999580383301",NA
"IS19041","24.149999618530298","11.189999580383301",NA
"IS19126","24.149999618530298","11.189999580383301",NA
"IS19132","24.149999618530298","11.189999580383301",NA
"IS19685","80.910003662109403","21.100000381469702",NA
"IS19847","79.589996337890597","24.909999847412099",NA
"IS19953","-13.7799997329712","15.0299997329712",NA
"IS20016","-14.9700002670288","14.1300001144409",NA
"IS20064","-12.170000076293899","13.25",NA
"IS21124","34.316667600000002","-0.56666620000000001",NA
"IS21126","34.217414499999997","-0.63938539999999999",NA
"IS21401","32.9799995422363","-13.7700004577637",NA
"IS21425","35.490001678466797","-16.030000686645501",NA
"IS21519","33.630001068115199","-11.710000038146999",NA
"IS2156","8.3100004196166992","13.0299997329712",NA
"IS21991","78.650001525878906","19.680000305175799",NA
"IS22040","78.029998779296903","15.819999694824199",NA
"IS22074","76.910003662109403","15.1400003433228",NA
"IS22282","26.829999923706101","-23.100000381469702",NA
"IS22287","26.829999923706101","-23.100000381469702",NA
"IS22291","27.7600002288818","-23.0100002288818",NA
"IS22325","23.569999694824201","-19.879999160766602",NA
"IS22330","25.5200004577637","-24.399999618530298",NA
"IS22334","22.049999237060501","-22.399999618530298",NA
"IS2262","35.220001220703097","14.039999961853001",NA
"IS22909","30.5200004577637","12.039999961853001",NA
"IS22996","30.5200004577637","10.5299997329712",NA
"IS23033","33.419998168945298","14.319999694824199",NA
"IS23048","23.469999313354499","12.8999996185303",NA
"IS23053","32.5","12.539999961853001",NA
"IS23100","34.740001678466797","-4.8200001716613796",NA
"IS23142","35.790000915527301","-7.3899998664856001",NA
"IS23166","35.7299995422363","-6.1700000762939498",NA
"IS23178","28.283333800000001","-15.5666666",NA
"IS23574","34.259998321533203","8.1999998092651403",NA
"IS23601","34.449001312255902","7.9180002212524396",NA
"IS23645","-15.3999996185303","13.6599998474121",NA
"IS23666","-15.8900003433228","13.319999694824199",NA
"IS23669","-16.129999160766602","13.2200002670288",NA
"IS2367","9.4700002670288104","8.8900003433227504",NA
"IS2416","31.5","-23.83333",NA
"IS2430","5.25","13.060000419616699",NA
"IS24713","8.4899997711181605","9.8000001907348597",NA
"IS24775","13.6300001144409","10.8800001144409",NA
"IS24786","13.6300001144409","10.8800001144409",NA
"IS25055","-0.980000019073486","9.3999996185302006",NA
"IS25702","-9.3800001144409197","15.1599998474121",NA
"IS25733","-9.3500003814697301","15.050000190734901",NA
"IS25848","-9.4499998092651403","13.3500003814697",NA
"IS26110","-2.2300000190734899","14.430000305175801",NA
"IS26198","7.0000000298023196E-2","10.5900001525879",NA
"IS26224","0.490000009536743","10.5",NA
"IS27146","32.5","-19.579999923706101",NA
"IS27164","30.549999237060501","-19.829999923706101",NA
"IS27287","-0.81999999284744296","13.1599998474121",NA
"IS27490","-3.8099999427795401","12.7700004577637",NA
"IS27587","14.9796","11.3344",NA
"IS27599","14.6300001144409","12.2299995422363",NA
"IS27855","30.959999084472699","-23.379999160766602",NA
"IS28332","44.090000152587898","13.4700002670288",NA
"IS28688","44.470001220703097","13.449999809265099",NA
"IS28740","44.150001525878899","15.319999694824199",NA
"IS28991","49.240001678466797","16.040000915527301",NA
"IS29310","31.850000381469702","-26.030000686645501",NA
"IS29407","28.149999618530298","-29.530000686645501",NA
"IS29409","28.149999618530298","-29.530000686645501",NA
"IS29472","27.549999237060501","-30.0200004577637",NA
"IS29496","27.879999160766602","-30.2600002288818",NA
"IS29569","27.4799995422363","-29.319999694824201",NA
"IS29691","31.629999160766602","-19.5200004577637",NA
"IS29798","31.5","-16.2700004577637",NA
"IS29870","28.459999084472699","-20.909999847412099",NA
"IS29872","28.459999084472699","-20.909999847412099",NA
"IS29876","28.459999084472699","-20.909999847412099",NA
"IS29911","29.100000381469702","-20.030000686645501",NA
"IS29966","28.459999084472699","-20.909999847412099",NA
"IS29977","28.459999084472699","-20.909999847412099",NA
"IS30175","32.669998168945298","-18.079999923706101",NA
"IS30205","32.599998474121101","-20.200000762939499",NA
"IS30207","32.599998474121101","-20.200000762939499",NA
"IS30335","112.550003051758","37.889999389648402",NA
"IS30397","111.48000335693401","39.439998626708999",NA
"IS30405","111.76000213623","36.840000152587898",NA
"IS30409","111.129997253418","37.509998321533203",NA
"IS30436","112.73999786377","37.680000305175803",NA
"IS30441","112.169998168945","37.200000762939503",NA
"IS30619","14.8999996185303","12.3800001144409",NA
"IS3073","33.360000610351598","13.539999961853001",NA
"IS30748","14.1300001144409","11.0299997329712",NA
"IS30898","33.75","1.8600000143051101",NA
"IS31123","30.920000076293899","3.1600000858306898",NA
"IS31179","34.299999237060497","1.04999995231628",NA
"IS31195","34.069999694824197","1.70000004768372",NA
"IS31202","33.090000152587898","0.58999997377395597",NA
"IS31299","29.930000305175799","-0.99000000953674305",NA
"IS31533","30.7600002288818","-3.0599999427795401",NA
"IS31559","29.9799995422363","-2.3499999046325701",NA
"IS31852","44.470001220703097","13.449999809265099",NA
"IS31861","44.5200004577637","13.5900001525879",NA
"IS32050","43.330001831054702","15.289999961853001",NA
"IS32087","44.459999084472699","13.439999580383301",NA
"IS32092","49.240001678466797","16.040000915527301",NA
"IS32454","85.410003662109403","24.829999923706101",NA
"IS32569","44.080001831054702","2.78999996185303",NA
"IS32986","34.740001678466797","-4.8200001716613796",NA
"IS33173","14.3800001144409","12.3800001144409",NA
"IS33178","14.3800001144409","10.5100002288818",NA
"IS33209","14.6599998474121","10.789999961853001",NA
"IS33261","14.6099996566772","10.069999694824199",NA
"IS3443","30.440000534057599","10.5",NA
"IS3507","30.440000534057599","10.5",NA
"IS3511","30.0100002288818","11.25",NA
"IS3583","30.440000534057599","10.5",NA
"IS3885","-7.5900001525878897","12.3900003433228",NA
"IS3905","-7.5900001525878897","12.3900003433228",NA
"IS4027","75.519996643066406","26.549999237060501",NA
"IS4035","75.519996643066406","26.549999237060501",NA
"IS4112","75.779998779296903","26.159999847412099",NA
"IS4285","77.889999389648395","21.909999847412099",NA
"IS4726","71.680000305175795","22.700000762939499",NA
"IS4776","70.459999084472699","21.5200004577637",NA
"IS4821","73.199996948242202","22.299999237060501",NA
"IS4963","76.180000305175795","20.530000686645501",NA
"IS5106","78.819999694824205","14.4700002670288",NA
"IS5622","75.720001220703097","16.819999694824201",NA
"IS5720","86.300003051757798","24.4899997711182",NA
"IS5867","78.930000305175795","22.069999694824201",NA
"IS5910","83.400001525878906","21.899999618530298",NA
"IS5972","80.830001831054702","24.579999923706101",NA
"IS6094","79.580001831054702","25.590000152587901",NA
"IS6154","83.779998779296903","26.5100002288818",NA
"IS6193","80.489997863769503","26.549999237060501",NA
"IS6413","74.230003356933594","16.700000762939499",NA
"IS7277","10.7799997329712","8.0500001907348597",NA
"IS7314","13.1499996185303","11.8500003814697",NA
"IS7463","12.3500003814697","9.5299997329711896",NA
"IS7620","6.0300002098083496","9.3999996185302699",NA
"IS7722","4.5100002288818404","12.800000190734901",NA
"IS7861","5.8409575","8.6457972999999999",NA
"IS7889","3.8199999332428001","10.430000305175801",NA
"IS7958","3.7000000476837198","11.5",NA
"IS9168","34.745126599999999","-0.60541469999999997",NA
"IS9597","7.1100001335143999","13.449999809265099",NA
"IS9713","35.560001373291001","13.449999809265099",NA
"IS9830","24.149999618530298","11.189999580383301",NA
"IS9883","24.149999618530298","11.189999580383301",NA
"IS9911","29.420000076293899","11",NA
"PI533762","29.420000076293899","11",NA
"PI533769","33.25","16.399999618530298",NA
"PI533785","9.1000003814697301","12.430000305175801",NA
"PI533789","30.200000762939499","13.039999961853001",NA
"PI533792","38.700000762939503","9.0299997329711896",NA
"PI533794","38.700000762939503","9.0299997329711896",NA
"PI533800","41.860000610351598","9.5799999237060494",NA
"PI533810","73.980003356933594","17.680000305175799",NA
"PI533839","7.4200000762939498","11.039999961853001",NA
"PI533842","75.019996643066406","15.4700002670288",NA
"PI533856","75.019996643066406","15.4700002670288",NA
"PI533876","7.7300000190734899","12.5100002288818",NA
"PI533877","3.71000003814697","12.310000419616699",NA
"PI533882","9.1999998092651403","11.8599996566772",NA
"PI533910","30.200000762939499","13.039999961853001",NA
"PI533911","30.200000762939499","13.039999961853001",NA
"PI533912","30.200000762939499","13.039999961853001",NA
"PI533985","22.569999694824201","14.300000190734901",NA
"PI533986","29.420000076293899","11",NA
"PI533987","30.440000534057599","10.5",NA
"PI533991","32.330001831054702","4.2399997711181596",NA
"PI533996","30.440000534057599","10.5",NA
"PI534009","81.110000610351605","16.709999084472699",NA
"PI534021","75.019996643066406","15.4700002670288",NA
"PI534028","74.230003356933594","16.700000762939499",NA
"PI534070","10.2600002288818","7",NA
"PI534075","12.3500003814697","9.5299997329711896",NA
"PI534079","9.9499998092651403","9.3599996566772496",NA
"PI534088","8.0399999618530291","11.1199998855591",NA
"PI534092","8.1300001144409197","11.550000190734901",NA
"PI534115","34.459999084472699","8.1499996185302699",NA
"PI534116","38.709999084472699","14.1300001144409",NA
"PI534123","42.130001068115199","9.3000001907348597",NA
"PI534124","39.529998779296903","12.3599996566772",NA
"PI534127","37.560001373291001","8.1599998474121094",NA
"PI534128","38.2299995422363","9.5",NA
"PI534133","39.740001678466797","11.699999809265099",NA
"PI534135","38.2299995422363","9.5",NA
"PI534148","41.860000610351598","9.5799999237060494",NA
"PI534155","41.860000610351598","9.5799999237060494",NA
"PI534157","41.860000610351598","9.5799999237060494",NA
"PI576352","26.829999923706101","-23.100000381469702",NA
"PI576359","79.029998779296903","21.079999923706101",NA
"PI576364","76.800003051757798","30.360000610351602",NA
"PI576366","82.720001220703097","26.799999237060501",NA
"PI576375","39.529998779296903","9.6700000762939506",NA
"PI576376","38.709999084472699","14.1300001144409",NA
"PI576380","34.580001831054702","8.2399997711181605",NA
"PI576381","38.709999084472699","14.1300001144409",NA
"PI576390","74.199996948242202","17.280000686645501",NA
"PI576399","30.440000534057599","10.5",NA
"PI576401","76.360000610351605","25.459999084472699",NA
"PI576425","42.009998321533203","9.3999996185302699",NA
"PI576426","39.680000305175803","11.829999923706101",NA
"PI576428","34.580001831054702","8.2399997711181605",NA
"PI576435","75.389999389648395","17.4799995422363",NA
"PI595699","79.029998779296903","21.079999923706101",NA
"PI597946","36.4799995422363","-1.16999995708466",NA
"PI597949","83.300003051757798","17.700000762939499",NA
"PI597950","87.319999694824205","24.350000381469702",NA
"PI597952","29.420000076293899","11",NA
"PI597957","38.919998168945298","15.319999694824199",NA
"PI597964","34.549999237060497","7.8499999046325701",NA
